CH1V,t0 =-1.999200e-03, tInc = 4.000000e-07,
-1.357333e-01,,
-1.288000e-01,,
-1.242667e-01,,
-1.242667e-01,,
-1.150667e-01,,
-9.906667e-02,,
-1.197333e-01,,
-1.105333e-01,,
-1.013333e-01,,
-9.000000e-02,,
-1.037333e-01,,
-7.160000e-02,,
-9.906667e-02,,
-6.480000e-02,,
-6.933334e-02,,
-7.160000e-02,,
-6.480000e-02,,
-5.333333e-02,,
-6.706667e-02,,
-4.186667e-02,,
-5.333333e-02,,
-3.053333e-02,,
-5.560000e-02,,
-2.586667e-02,,
-3.960000e-02,,
-3.053333e-02,,
-1.906667e-02,,
-5.333333e-03,,
-1.680000e-02,,
+6.133333e-03,,
-1.680000e-02,,
-5.333333e-03,,
-5.333333e-03,,
+1.986667e-02,,
+6.133333e-03,,
+2.440000e-02,,
+1.760000e-02,,
+3.360000e-02,,
+2.440000e-02,,
+4.506667e-02,,
+1.760000e-02,,
+4.960000e-02,,
+3.586667e-02,,
+5.880000e-02,,
+3.586667e-02,,
+6.786667e-02,,
+5.880000e-02,,
+7.013334e-02,,
+6.560000e-02,,
+7.706667e-02,,
+7.253333e-02,,
+7.933334e-02,,
+7.933334e-02,,
+8.853333e-02,,
+8.386667e-02,,
+1.113333e-01,,
+9.306667e-02,,
+1.136000e-01,,
+9.986667e-02,,
+1.205333e-01,,
+1.205333e-01,,
+1.342667e-01,,
+1.205333e-01,,
+1.296000e-01,,
+1.342667e-01,,
+1.433333e-01,,
+1.365333e-01,,
+1.433333e-01,,
+1.502667e-01,,
+1.617333e-01,,
+1.525333e-01,,
+1.640000e-01,,
+1.617333e-01,,
+1.685333e-01,,
+1.730667e-01,,
+1.914667e-01,,
+1.754667e-01,,
+1.937333e-01,,
+1.822667e-01,,
+1.982667e-01,,
+1.845333e-01,,
+2.028000e-01,,
+1.982667e-01,,
+2.212000e-01,,
+2.165333e-01,,
+2.280000e-01,,
+2.097333e-01,,
+2.234667e-01,,
+2.189333e-01,,
+2.394667e-01,,
+2.302667e-01,,
+2.509333e-01,,
+2.417333e-01,,
+2.462667e-01,,
+2.669333e-01,,
+2.692000e-01,,
+2.622667e-01,,
+2.784000e-01,,
+2.622667e-01,,
+2.737333e-01,,
+2.806667e-01,,
+2.829333e-01,,
+2.829333e-01,,
+3.057333e-01,,
+2.874667e-01,,
+3.104000e-01,,
+3.081333e-01,,
+3.081333e-01,,
+3.149333e-01,,
+3.286667e-01,,
+3.081333e-01,,
+3.286667e-01,,
+3.264000e-01,,
+3.309333e-01,,
+3.309333e-01,,
+3.469333e-01,,
+3.492000e-01,,
+3.538667e-01,,
+3.492000e-01,,
+3.629333e-01,,
+3.516000e-01,,
+3.766667e-01,,
+3.538667e-01,,
+3.584000e-01,,
+3.676000e-01,,
+3.881333e-01,,
+3.789333e-01,,
+3.996000e-01,,
+3.789333e-01,,
+4.018667e-01,,
+3.973333e-01,,
+4.064000e-01,,
+4.018667e-01,,
+4.293333e-01,,
+4.110667e-01,,
+4.293333e-01,,
+4.110667e-01,,
+4.293333e-01,,
+4.156000e-01,,
+4.270667e-01,,
+4.248000e-01,,
+4.476000e-01,,
+4.293333e-01,,
+4.636000e-01,,
+4.476000e-01,,
+4.636000e-01,,
+4.682667e-01,,
+4.773333e-01,,
+4.590667e-01,,
+4.865333e-01,,
+4.728000e-01,,
+4.865333e-01,,
+4.796000e-01,,
+5.002667e-01,,
+4.865333e-01,,
+5.025333e-01,,
+4.956000e-01,,
+5.140000e-01,,
+5.048000e-01,,
+5.048000e-01,,
+5.048000e-01,,
+5.300000e-01,,
+5.185333e-01,,
+5.322667e-01,,
+5.368000e-01,,
+5.300000e-01,,
+5.482666e-01,,
+5.574667e-01,,
+5.437334e-01,,
+5.620000e-01,,
+5.414667e-01,,
+5.597333e-01,,
+5.574667e-01,,
+5.757334e-01,,
+5.688000e-01,,
+5.872000e-01,,
+5.780000e-01,,
+5.872000e-01,,
+5.894667e-01,,
+5.985333e-01,,
+5.849333e-01,,
+5.940000e-01,,
+5.894667e-01,,
+6.122667e-01,,
+6.054667e-01,,
+6.282667e-01,,
+6.192000e-01,,
+6.397333e-01,,
+6.192000e-01,,
+6.444000e-01,,
+6.237333e-01,,
+6.466666e-01,,
+6.306667e-01,,
+6.649333e-01,,
+6.534667e-01,,
+6.672000e-01,,
+6.512000e-01,,
+6.717333e-01,,
+6.581333e-01,,
+6.741334e-01,,
+6.649333e-01,,
+6.694667e-01,,
+6.649333e-01,,
+6.969333e-01,,
+6.741334e-01,,
+7.014667e-01,,
+6.969333e-01,,
+7.014667e-01,,
+7.106667e-01,,
+7.106667e-01,,
+7.152000e-01,,
+7.061334e-01,,
+7.106667e-01,,
+7.266667e-01,,
+7.221333e-01,,
+7.473333e-01,,
+7.266667e-01,,
+7.564000e-01,,
+7.633333e-01,,
+7.610667e-01,,
+7.404000e-01,,
+7.701333e-01,,
+7.633333e-01,,
+7.586667e-01,,
+7.518667e-01,,
+7.770666e-01,,
+7.793334e-01,,
+7.861333e-01,,
+7.816000e-01,,
+7.861333e-01,,
+7.953333e-01,,
+8.045334e-01,,
+8.045334e-01,,
+8.318667e-01,,
+8.136000e-01,,
+8.205333e-01,,
+8.136000e-01,,
+8.342667e-01,,
+8.296000e-01,,
+8.410667e-01,,
+8.342667e-01,,
+8.433334e-01,,
+8.365334e-01,,
+8.478667e-01,,
+8.433334e-01,,
+8.616000e-01,,
+8.593333e-01,,
+8.570667e-01,,
+8.640000e-01,,
+8.730667e-01,,
+8.685333e-01,,
+8.800000e-01,,
+8.708000e-01,,
+8.890667e-01,,
+8.868000e-01,,
+9.050667e-01,,
+8.982667e-01,,
+9.074667e-01,,
+8.982667e-01,,
+9.372000e-01,,
+9.142667e-01,,
+9.074667e-01,,
+9.257333e-01,,
+9.280000e-01,,
+9.372000e-01,,
+9.485334e-01,,
+9.325333e-01,,
+9.440000e-01,,
+9.600000e-01,,
+9.622667e-01,,
+9.714667e-01,,
+9.829333e-01,,
+9.622667e-01,,
+9.692000e-01,,
+9.692000e-01,,
+9.852000e-01,,
+9.737334e-01,,
+9.897333e-01,,
+9.874667e-01,,
+1.001200e+00,,
+9.897333e-01,,
+1.003467e+00,,
+1.008000e+00,,
+1.005733e+00,,
+1.012667e+00,,
+1.030933e+00,,
+1.012667e+00,,
+1.051467e+00,,
+1.026400e+00,,
+1.051467e+00,,
+1.021733e+00,,
+1.035467e+00,,
+1.035467e+00,,
+1.076667e+00,,
+1.042400e+00,,
+1.062933e+00,,
+1.053867e+00,,
+1.074400e+00,,
+1.056133e+00,,
+1.081200e+00,,
+1.074400e+00,,
+1.088133e+00,,
+1.088133e+00,,
+1.108667e+00,,
+1.081200e+00,,
+1.097333e+00,,
+1.092667e+00,,
+1.115600e+00,,
+1.099600e+00,,
+1.113333e+00,,
+1.110933e+00,,
+1.133867e+00,,
+1.110933e+00,,
+1.127067e+00,,
+1.122400e+00,,
+1.124667e+00,,
+1.152133e+00,,
+1.149867e+00,,
+1.136133e+00,,
+1.147600e+00,,
+1.149867e+00,,
+1.159067e+00,,
+1.159067e+00,,
+1.175067e+00,,
+1.159067e+00,,
+1.181867e+00,,
+1.177333e+00,,
+1.193333e+00,,
+1.165867e+00,,
+1.193333e+00,,
+1.191067e+00,,
+1.193333e+00,,
+1.184133e+00,,
+1.211600e+00,,
+1.191067e+00,,
+1.232267e+00,,
+1.209333e+00,,
+1.225333e+00,,
+1.207067e+00,,
+1.234533e+00,,
+1.230000e+00,,
+1.246000e+00,,
+1.259733e+00,,
+1.243733e+00,,
+1.248267e+00,,
+1.268800e+00,,
+1.250533e+00,,
+1.268800e+00,,
+1.262000e+00,,
+1.271067e+00,,
+1.273467e+00,,
+1.296267e+00,,
+1.278000e+00,,
+1.300800e+00,,
+1.298533e+00,,
+1.291733e+00,,
+1.298533e+00,,
+1.310000e+00,,
+1.310000e+00,,
+1.314533e+00,,
+1.307733e+00,,
+1.312267e+00,,
+1.326000e+00,,
+1.332933e+00,,
+1.328267e+00,,
+1.332933e+00,,
+1.326000e+00,,
+1.353467e+00,,
+1.344267e+00,,
+1.355733e+00,,
+1.360267e+00,,
+1.367200e+00,,
+1.362667e+00,,
+1.369467e+00,,
+1.367200e+00,,
+1.378667e+00,,
+1.378667e+00,,
+1.387733e+00,,
+1.383200e+00,,
+1.406133e+00,,
+1.394667e+00,,
+1.403733e+00,,
+1.387733e+00,,
+1.412933e+00,,
+1.394667e+00,,
+1.431200e+00,,
+1.426667e+00,,
+1.438133e+00,,
+1.424400e+00,,
+1.433467e+00,,
+1.433467e+00,,
+1.442667e+00,,
+1.431200e+00,,
+1.440400e+00,,
+1.444933e+00,,
+1.454133e+00,,
+1.449600e+00,,
+1.467867e+00,,
+1.465600e+00,,
+1.476933e+00,,
+1.458667e+00,,
+1.483867e+00,,
+1.476933e+00,,
+1.493067e+00,,
+1.488400e+00,,
+1.495333e+00,,
+1.506667e+00,,
+1.518133e+00,,
+1.511333e+00,,
+1.509067e+00,,
+1.511333e+00,,
+1.536533e+00,,
+1.531867e+00,,
+1.520400e+00,,
+1.534133e+00,,
+1.536533e+00,,
+1.527333e+00,,
+1.536533e+00,,
+1.541067e+00,,
+1.554800e+00,,
+1.550133e+00,,
+1.552533e+00,,
+1.550133e+00,,
+1.577600e+00,,
+1.559333e+00,,
+1.575333e+00,,
+1.566267e+00,,
+1.593600e+00,,
+1.584533e+00,,
+1.598267e+00,,
+1.589067e+00,,
+1.593600e+00,,
+1.593600e+00,,
+1.616533e+00,,
+1.605067e+00,,
+1.628000e+00,,
+1.630267e+00,,
+1.628000e+00,,
+1.630267e+00,,
+1.644000e+00,,
+1.634800e+00,,
+1.641733e+00,,
+1.637067e+00,,
+1.648533e+00,,
+1.634800e+00,,
+1.655467e+00,,
+1.669200e+00,,
+1.666800e+00,,
+1.662267e+00,,
+1.682933e+00,,
+1.676000e+00,,
+1.682933e+00,,
+1.682933e+00,,
+1.689733e+00,,
+1.676000e+00,,
+1.689733e+00,,
+1.705733e+00,,
+1.710267e+00,,
+1.705733e+00,,
+1.705733e+00,,
+1.719467e+00,,
+1.717200e+00,,
+1.712667e+00,,
+1.742400e+00,,
+1.714933e+00,,
+1.726267e+00,,
+1.726267e+00,,
+1.746933e+00,,
+1.749200e+00,,
+1.758400e+00,,
+1.749200e+00,,
+1.758400e+00,,
+1.756133e+00,,
+1.765200e+00,,
+1.767467e+00,,
+1.776667e+00,,
+1.774400e+00,,
+1.792667e+00,,
+1.792667e+00,,
+1.792667e+00,,
+1.806400e+00,,
+1.810933e+00,,
+1.804133e+00,,
+1.815600e+00,,
+1.794933e+00,,
+1.808667e+00,,
+1.822400e+00,,
+1.842933e+00,,
+1.820133e+00,,
+1.840667e+00,,
+1.831600e+00,,
+1.852133e+00,,
+1.852133e+00,,
+1.856667e+00,,
+1.845333e+00,,
+1.859067e+00,,
+1.856667e+00,,
+1.863600e+00,,
+1.863600e+00,,
+1.875067e+00,,
+1.865867e+00,,
+1.891067e+00,,
+1.884133e+00,,
+1.895600e+00,,
+1.888800e+00,,
+1.902533e+00,,
+1.913867e+00,,
+1.909333e+00,,
+1.920800e+00,,
+1.920800e+00,,
+1.909333e+00,,
+1.927600e+00,,
+1.920800e+00,,
+1.934533e+00,,
+1.934533e+00,,
+1.934533e+00,,
+1.943600e+00,,
+1.939067e+00,,
+1.950533e+00,,
+1.950533e+00,,
+1.945867e+00,,
+1.964267e+00,,
+1.968800e+00,,
+1.978000e+00,,
+1.975733e+00,,
+1.994000e+00,,
+1.964267e+00,,
+1.996267e+00,,
+1.980267e+00,,
+2.000800e+00,,
+1.989333e+00,,
+2.010000e+00,,
+2.003067e+00,,
+2.028267e+00,,
+2.012267e+00,,
+2.003067e+00,,
+2.010000e+00,,
+2.026000e+00,,
+2.005467e+00,,
+2.035200e+00,,
+2.028267e+00,,
+2.048933e+00,,
+2.039733e+00,,
+2.051200e+00,,
+2.060267e+00,,
+2.069467e+00,,
+2.058000e+00,,
+2.058000e+00,,
+2.071733e+00,,
+2.074000e+00,,
+2.062533e+00,,
+2.085467e+00,,
+2.074000e+00,,
+2.096933e+00,,
+2.087733e+00,,
+2.112933e+00,,
+2.099200e+00,,
+2.112933e+00,,
+2.110667e+00,,
+2.110667e+00,,
+2.110667e+00,,
+2.122133e+00,,
+2.115200e+00,,
+2.138133e+00,,
+2.128933e+00,,
+2.140400e+00,,
+2.151867e+00,,
+2.156400e+00,,
+2.149467e+00,,
+2.156400e+00,,
+2.158667e+00,,
+2.160933e+00,,
+2.163200e+00,,
+2.174667e+00,,
+2.160933e+00,,
+2.170133e+00,,
+2.176933e+00,,
+2.183867e+00,,
+2.202133e+00,,
+2.199867e+00,,
+2.186133e+00,,
+2.199867e+00,,
+2.215867e+00,,
+2.213600e+00,,
+2.202133e+00,,
+2.227333e+00,,
+2.213600e+00,,
+2.231867e+00,,
+2.231867e+00,,
+2.247867e+00,,
+2.229600e+00,,
+2.252400e+00,,
+2.241067e+00,,
+2.257067e+00,,
+2.243333e+00,,
+2.261600e+00,,
+2.247867e+00,,
+2.279867e+00,,
+2.266133e+00,,
+2.270800e+00,,
+2.266133e+00,,
+2.286800e+00,,
+2.286800e+00,,
+2.295867e+00,,
+2.282133e+00,,
+2.302800e+00,,
+2.286800e+00,,
+2.307333e+00,,
+2.311867e+00,,
+2.321067e+00,,
+2.305067e+00,,
+2.332533e+00,,
+2.323333e+00,,
+2.328000e+00,,
+2.339333e+00,,
+2.334800e+00,,
+2.334800e+00,,
+2.346267e+00,,
+2.357733e+00,,
+2.350800e+00,,
+2.344000e+00,,
+2.364533e+00,,
+2.357733e+00,,
+2.364533e+00,,
+2.355333e+00,,
+2.376000e+00,,
+2.378267e+00,,
+2.389733e+00,,
+2.385067e+00,,
+2.396533e+00,,
+2.378267e+00,,
+2.405733e+00,,
+2.405733e+00,,
+2.426267e+00,,
+2.410267e+00,,
+2.428533e+00,,
+2.430933e+00,,
+2.433200e+00,,
+2.412533e+00,,
+2.451467e+00,,
+2.426267e+00,,
+2.440000e+00,,
+2.442267e+00,,
+2.446933e+00,,
+2.446933e+00,,
+2.460667e+00,,
+2.467467e+00,,
+2.458267e+00,,
+2.437733e+00,,
+2.451467e+00,,
+2.435467e+00,,
+2.442267e+00,,
+2.430933e+00,,
+2.442267e+00,,
+2.430933e+00,,
+2.430933e+00,,
+2.403467e+00,,
+2.410267e+00,,
+2.403467e+00,,
+2.408000e+00,,
+2.389733e+00,,
+2.403467e+00,,
+2.376000e+00,,
+2.394267e+00,,
+2.378267e+00,,
+2.389733e+00,,
+2.369067e+00,,
+2.376000e+00,,
+2.362267e+00,,
+2.355333e+00,,
+2.344000e+00,,
+2.346267e+00,,
+2.339333e+00,,
+2.346267e+00,,
+2.339333e+00,,
+2.353067e+00,,
+2.323333e+00,,
+2.325600e+00,,
+2.323333e+00,,
+2.330267e+00,,
+2.311867e+00,,
+2.309600e+00,,
+2.321067e+00,,
+2.300533e+00,,
+2.295867e+00,,
+2.302800e+00,,
+2.289067e+00,,
+2.293600e+00,,
+2.282133e+00,,
+2.293600e+00,,
+2.266133e+00,,
+2.277600e+00,,
+2.263867e+00,,
+2.277600e+00,,
+2.270800e+00,,
+2.270800e+00,,
+2.250133e+00,,
+2.257067e+00,,
+2.238667e+00,,
+2.245600e+00,,
+2.218133e+00,,
+2.238667e+00,,
+2.231867e+00,,
+2.227333e+00,,
+2.218133e+00,,
+2.238667e+00,,
+2.218133e+00,,
+2.218133e+00,,
+2.197600e+00,,
+2.195333e+00,,
+2.195333e+00,,
+2.190667e+00,,
+2.195333e+00,,
+2.192933e+00,,
+2.190667e+00,,
+2.192933e+00,,
+2.174667e+00,,
+2.176933e+00,,
+2.167867e+00,,
+2.154133e+00,,
+2.160933e+00,,
+2.149467e+00,,
+2.156400e+00,,
+2.156400e+00,,
+2.142667e+00,,
+2.147200e+00,,
+2.124400e+00,,
+2.135733e+00,,
+2.112933e+00,,
+2.124400e+00,,
+2.122133e+00,,
+2.124400e+00,,
+2.096933e+00,,
+2.112933e+00,,
+2.092267e+00,,
+2.103733e+00,,
+2.087733e+00,,
+2.096933e+00,,
+2.083200e+00,,
+2.090000e+00,,
+2.071733e+00,,
+2.083200e+00,,
+2.058000e+00,,
+2.060267e+00,,
+2.053467e+00,,
+2.058000e+00,,
+2.053467e+00,,
+2.058000e+00,,
+2.037467e+00,,
+2.042000e+00,,
+2.032800e+00,,
+2.042000e+00,,
+2.014533e+00,,
+2.035200e+00,,
+2.026000e+00,,
+2.023733e+00,,
+2.026000e+00,,
+2.023733e+00,,
+2.003067e+00,,
+2.003067e+00,,
+1.991733e+00,,
+2.007733e+00,,
+1.978000e+00,,
+1.989333e+00,,
+1.980267e+00,,
+1.984800e+00,,
+1.975733e+00,,
+1.984800e+00,,
+1.959600e+00,,
+1.968800e+00,,
+1.936800e+00,,
+1.966533e+00,,
+1.945867e+00,,
+1.952800e+00,,
+1.939067e+00,,
+1.943600e+00,,
+1.916133e+00,,
+1.934533e+00,,
+1.925333e+00,,
+1.934533e+00,,
+1.916133e+00,,
+1.923067e+00,,
+1.909333e+00,,
+1.904800e+00,,
+1.891067e+00,,
+1.911600e+00,,
+1.893333e+00,,
+1.895600e+00,,
+1.881867e+00,,
+1.897867e+00,,
+1.872667e+00,,
+1.888800e+00,,
+1.872667e+00,,
+1.875067e+00,,
+1.865867e+00,,
+1.863600e+00,,
+1.859067e+00,,
+1.861333e+00,,
+1.847600e+00,,
+1.865867e+00,,
+1.849867e+00,,
+1.852133e+00,,
+1.831600e+00,,
+1.852133e+00,,
+1.813200e+00,,
+1.826933e+00,,
+1.808667e+00,,
+1.822400e+00,,
+1.804133e+00,,
+1.804133e+00,,
+1.794933e+00,,
+1.808667e+00,,
+1.797200e+00,,
+1.808667e+00,,
+1.772133e+00,,
+1.785867e+00,,
+1.778933e+00,,
+1.778933e+00,,
+1.753733e+00,,
+1.778933e+00,,
+1.756133e+00,,
+1.756133e+00,,
+1.749200e+00,,
+1.742400e+00,,
+1.742400e+00,,
+1.758400e+00,,
+1.733200e+00,,
+1.735467e+00,,
+1.717200e+00,,
+1.728667e+00,,
+1.714933e+00,,
+1.728667e+00,,
+1.712667e+00,,
+1.717200e+00,,
+1.698933e+00,,
+1.701200e+00,,
+1.696533e+00,,
+1.701200e+00,,
+1.680533e+00,,
+1.696533e+00,,
+1.682933e+00,,
+1.682933e+00,,
+1.666800e+00,,
+1.673733e+00,,
+1.648533e+00,,
+1.664533e+00,,
+1.653067e+00,,
+1.680533e+00,,
+1.639467e+00,,
+1.650800e+00,,
+1.641733e+00,,
+1.646267e+00,,
+1.637067e+00,,
+1.639467e+00,,
+1.623333e+00,,
+1.634800e+00,,
+1.621067e+00,,
+1.616533e+00,,
+1.598267e+00,,
+1.602800e+00,,
+1.584533e+00,,
+1.596000e+00,,
+1.586800e+00,,
+1.596000e+00,,
+1.568533e+00,,
+1.586800e+00,,
+1.566267e+00,,
+1.577600e+00,,
+1.566267e+00,,
+1.563867e+00,,
+1.547867e+00,,
+1.568533e+00,,
+1.534133e+00,,
+1.550133e+00,,
+1.534133e+00,,
+1.531867e+00,,
+1.522800e+00,,
+1.545600e+00,,
+1.515867e+00,,
+1.522800e+00,,
+1.511333e+00,,
+1.522800e+00,,
+1.502133e+00,,
+1.513600e+00,,
+1.490667e+00,,
+1.511333e+00,,
+1.488400e+00,,
+1.504400e+00,,
+1.493067e+00,,
+1.502133e+00,,
+1.474667e+00,,
+1.467867e+00,,
+1.458667e+00,,
+1.467867e+00,,
+1.451867e+00,,
+1.458667e+00,,
+1.451867e+00,,
+1.463333e+00,,
+1.440400e+00,,
+1.442667e+00,,
+1.417467e+00,,
+1.438133e+00,,
+1.419867e+00,,
+1.435867e+00,,
+1.415200e+00,,
+1.415200e+00,,
+1.424400e+00,,
+1.417467e+00,,
+1.408400e+00,,
+1.410667e+00,,
+1.401467e+00,,
+1.401467e+00,,
+1.380933e+00,,
+1.394667e+00,,
+1.378667e+00,,
+1.385467e+00,,
+1.383200e+00,,
+1.392400e+00,,
+1.367200e+00,,
+1.376400e+00,,
+1.351200e+00,,
+1.362667e+00,,
+1.342000e+00,,
+1.355733e+00,,
+1.339733e+00,,
+1.335200e+00,,
+1.330533e+00,,
+1.330533e+00,,
+1.326000e+00,,
+1.326000e+00,,
+1.310000e+00,,
+1.316933e+00,,
+1.305467e+00,,
+1.321467e+00,,
+1.314533e+00,,
+1.312267e+00,,
+1.289467e+00,,
+1.312267e+00,,
+1.289467e+00,,
+1.289467e+00,,
+1.275733e+00,,
+1.278000e+00,,
+1.271067e+00,,
+1.268800e+00,,
+1.257333e+00,,
+1.273467e+00,,
+1.257333e+00,,
+1.273467e+00,,
+1.250533e+00,,
+1.248267e+00,,
+1.234533e+00,,
+1.246000e+00,,
+1.225333e+00,,
+1.234533e+00,,
+1.220800e+00,,
+1.232267e+00,,
+1.218533e+00,,
+1.225333e+00,,
+1.207067e+00,,
+1.211600e+00,,
+1.202533e+00,,
+1.197867e+00,,
+1.195600e+00,,
+1.207067e+00,,
+1.188800e+00,,
+1.191067e+00,,
+1.175067e+00,,
+1.197867e+00,,
+1.172800e+00,,
+1.181867e+00,,
+1.147600e+00,,
+1.161333e+00,,
+1.147600e+00,,
+1.136133e+00,,
+1.152133e+00,,
+1.140667e+00,,
+1.127067e+00,,
+1.147600e+00,,
+1.133867e+00,,
+1.145333e+00,,
+1.122400e+00,,
+1.117867e+00,,
+1.115600e+00,,
+1.117867e+00,,
+1.108667e+00,,
+1.104133e+00,,
+1.085867e+00,,
+1.104133e+00,,
+1.094933e+00,,
+1.104133e+00,,
+1.088133e+00,,
+1.090400e+00,,
+1.074400e+00,,
+1.069867e+00,,
+1.069867e+00,,
+1.069867e+00,,
+1.060667e+00,,
+1.046933e+00,,
+1.053867e+00,,
+1.058400e+00,,
+1.042400e+00,,
+1.040133e+00,,
+1.033200e+00,,
+1.037733e+00,,
+1.026400e+00,,
+1.021733e+00,,
+1.028667e+00,,
+1.024133e+00,,
+1.017200e+00,,
+1.008000e+00,,
+1.001200e+00,,
+1.012667e+00,,
+1.014933e+00,,
+1.008000e+00,,
+9.829333e-01,,
+9.966667e-01,,
+9.714667e-01,,
+9.897333e-01,,
+9.737334e-01,,
+9.782667e-01,,
+9.714667e-01,,
+9.669334e-01,,
+9.509333e-01,,
+9.714667e-01,,
+9.440000e-01,,
+9.554667e-01,,
+9.280000e-01,,
+9.394667e-01,,
+9.325333e-01,,
+9.372000e-01,,
+9.165334e-01,,
+9.234667e-01,,
+9.142667e-01,,
+9.257333e-01,,
+9.120000e-01,,
+9.165334e-01,,
+8.868000e-01,,
+8.960000e-01,,
+8.868000e-01,,
+8.982667e-01,,
+8.800000e-01,,
+8.982667e-01,,
+8.800000e-01,,
+8.822667e-01,,
+8.685333e-01,,
+8.777333e-01,,
+8.570667e-01,,
+8.548000e-01,,
+8.478667e-01,,
+8.662667e-01,,
+8.342667e-01,,
+8.388000e-01,,
+8.318667e-01,,
+8.410667e-01,,
+8.250667e-01,,
+8.478667e-01,,
+8.068000e-01,,
+8.228000e-01,,
+8.068000e-01,,
+8.045334e-01,,
+7.930667e-01,,
+8.228000e-01,,
+7.884000e-01,,
+8.021333e-01,,
+7.908000e-01,,
+7.930667e-01,,
+7.793334e-01,,
+7.838667e-01,,
+7.746667e-01,,
+7.861333e-01,,
+7.541333e-01,,
+7.678667e-01,,
+7.678667e-01,,
+7.473333e-01,,
+7.496000e-01,,
+7.633333e-01,,
+7.336000e-01,,
+7.449334e-01,,
+7.289333e-01,,
+7.404000e-01,,
+7.152000e-01,,
+7.198667e-01,,
+7.084000e-01,,
+7.129334e-01,,
+6.946667e-01,,
+7.176000e-01,,
+6.878667e-01,,
+6.924000e-01,,
+6.832000e-01,,
+6.924000e-01,,
+6.764000e-01,,
+6.809334e-01,,
+6.649333e-01,,
+6.786667e-01,,
+6.557333e-01,,
+6.672000e-01,,
+6.534667e-01,,
+6.512000e-01,,
+6.397333e-01,,
+6.534667e-01,,
+6.444000e-01,,
+6.444000e-01,,
+6.352000e-01,,
+6.466666e-01,,
+6.122667e-01,,
+6.260000e-01,,
+6.077334e-01,,
+6.169333e-01,,
+6.100000e-01,,
+6.214667e-01,,
+6.009333e-01,,
+6.032000e-01,,
+6.054667e-01,,
+6.009333e-01,,
+5.802667e-01,,
+5.872000e-01,,
+5.849333e-01,,
+5.757334e-01,,
+5.620000e-01,,
+5.757334e-01,,
+5.597333e-01,,
+5.688000e-01,,
+5.390667e-01,,
+5.505334e-01,,
+5.414667e-01,,
+5.505334e-01,,
+5.414667e-01,,
+5.437334e-01,,
+5.277333e-01,,
+5.300000e-01,,
+5.208000e-01,,
+5.277333e-01,,
+5.048000e-01,,
+5.162666e-01,,
+4.980000e-01,,
+5.117334e-01,,
+4.980000e-01,,
+4.980000e-01,,
+4.933333e-01,,
+4.910667e-01,,
+4.818667e-01,,
+4.818667e-01,,
+4.568000e-01,,
+4.773333e-01,,
+4.705333e-01,,
+4.682667e-01,,
+4.453333e-01,,
+4.590667e-01,,
+4.430667e-01,,
+4.613333e-01,,
+4.521333e-01,,
+4.545333e-01,,
+4.270667e-01,,
+4.476000e-01,,
+4.224000e-01,,
+4.201334e-01,,
+4.064000e-01,,
+4.156000e-01,,
+4.110667e-01,,
+4.178667e-01,,
+3.996000e-01,,
+4.110667e-01,,
+3.881333e-01,,
+3.950667e-01,,
+3.950667e-01,,
+3.881333e-01,,
+3.766667e-01,,
+3.789333e-01,,
+3.606667e-01,,
+3.744000e-01,,
+3.424000e-01,,
+3.584000e-01,,
+3.561333e-01,,
+3.629333e-01,,
+3.354667e-01,,
+3.378667e-01,,
+3.332000e-01,,
+3.538667e-01,,
+3.309333e-01,,
+3.286667e-01,,
+3.218667e-01,,
+3.424000e-01,,
+3.218667e-01,,
+3.286667e-01,,
+3.034667e-01,,
+2.897334e-01,,
+2.897334e-01,,
+2.966667e-01,,
+3.012000e-01,,
+3.012000e-01,,
+2.784000e-01,,
+3.034667e-01,,
+2.760000e-01,,
+2.897334e-01,,
+2.646667e-01,,
+2.737333e-01,,
+2.646667e-01,,
+2.600000e-01,,
+2.462667e-01,,
+2.532000e-01,,
+2.417333e-01,,
+2.440000e-01,,
+2.394667e-01,,
+2.372000e-01,,
+2.234667e-01,,
+2.165333e-01,,
+2.212000e-01,,
+2.142667e-01,,
+2.052000e-01,,
+2.165333e-01,,
+1.937333e-01,,
+2.097333e-01,,
+1.914667e-01,,
+2.097333e-01,,
+1.890667e-01,,
+1.937333e-01,,
+1.708000e-01,,
+1.730667e-01,,
+1.685333e-01,,
+1.708000e-01,,
+1.593333e-01,,
+1.685333e-01,,
+1.457333e-01,,
+1.548000e-01,,
+1.457333e-01,,
+1.480000e-01,,
+1.342667e-01,,
+1.342667e-01,,
+1.320000e-01,,
+1.320000e-01,,
+1.205333e-01,,
+1.296000e-01,,
+9.986667e-02,,
+1.158667e-01,,
+9.760000e-02,,
+1.113333e-01,,
+9.533334e-02,,
+9.760000e-02,,
+9.080000e-02,,
+9.080000e-02,,
+7.013334e-02,,
+8.853333e-02,,
+6.106667e-02,,
+7.933334e-02,,
+6.106667e-02,,
+7.253333e-02,,
+4.506667e-02,,
+5.880000e-02,,
+4.040000e-02,,
+5.186667e-02,,
+3.360000e-02,,
+4.733333e-02,,
+4.040000e-02,,
+4.506667e-02,,
+3.360000e-02,,
+2.213333e-02,,
-3.066667e-03,,
+1.293333e-02,,
+6.133333e-03,,
+1.293333e-02,,
+3.866667e-03,,
+1.066667e-02,,
-1.213333e-02,,
+3.866667e-03,,
-2.813333e-02,,
-1.440000e-02,,
-3.960000e-02,,
-1.440000e-02,,
-2.813333e-02,,
-2.586667e-02,,
-3.506667e-02,,
-5.333333e-02,,
-6.933334e-02,,
-4.880000e-02,,
-6.480000e-02,,
-5.560000e-02,,
-7.626667e-02,,
-5.560000e-02,,
-8.080000e-02,,
-6.706667e-02,,
-8.080000e-02,,
-7.160000e-02,,
-1.013333e-01,,
-8.760000e-02,,
-1.105333e-01,,
-9.906667e-02,,
-1.060000e-01,,
-1.220000e-01,,
-1.265333e-01,,
-1.128000e-01,,
-1.288000e-01,,
-1.288000e-01,,
-1.380000e-01,,
-1.402667e-01,,
-1.517333e-01,,
-1.310667e-01,,
-1.517333e-01,,
-1.562667e-01,,
-1.585333e-01,,
-1.562667e-01,,
-1.814667e-01,,
-1.632000e-01,,
-1.814667e-01,,
-1.769333e-01,,
-1.882667e-01,,
-1.860000e-01,,
-1.997333e-01,,
-1.882667e-01,,
-1.997333e-01,,
-1.929333e-01,,
-2.180000e-01,,
-2.089333e-01,,
-2.249333e-01,,
-2.180000e-01,,
-2.272000e-01,,
-2.134667e-01,,
-2.409333e-01,,
-2.340000e-01,,
-2.454667e-01,,
-2.386667e-01,,
-2.477333e-01,,
-2.524000e-01,,
-2.661333e-01,,
-2.524000e-01,,
-2.614667e-01,,
-2.706667e-01,,
-2.706667e-01,,
-2.637333e-01,,
-2.798667e-01,,
-2.752000e-01,,
-2.912000e-01,,
-2.844000e-01,,
-3.026667e-01,,
-3.072000e-01,,
-3.072000e-01,,
-3.096000e-01,,
-3.096000e-01,,
-3.049333e-01,,
-3.233333e-01,,
-3.096000e-01,,
-3.301333e-01,,
-3.209333e-01,,
-3.369333e-01,,
-3.278667e-01,,
-3.530667e-01,,
-3.461334e-01,,
-3.506667e-01,,
-3.393333e-01,,
-3.644000e-01,,
-3.506667e-01,,
-3.666667e-01,,
-3.621333e-01,,
-3.758667e-01,,
-3.621333e-01,,
-3.828000e-01,,
-3.736000e-01,,
-4.056000e-01,,
-3.941333e-01,,
-4.056000e-01,,
-3.896000e-01,,
-4.238667e-01,,
-3.873333e-01,,
-4.170667e-01,,
-4.193333e-01,,
-4.330667e-01,,
-4.170667e-01,,
-4.398667e-01,,
-4.285333e-01,,
-4.398667e-01,,
-4.398667e-01,,
-4.468000e-01,,
-4.490667e-01,,
-4.560000e-01,,
-4.490667e-01,,
-4.673333e-01,,
-4.490667e-01,,
-4.697333e-01,,
-4.742667e-01,,
-4.833333e-01,,
-4.742667e-01,,
-4.810667e-01,,
-4.788000e-01,,
-4.994667e-01,,
-4.948000e-01,,
-4.925333e-01,,
-4.970667e-01,,
-5.154667e-01,,
-5.017334e-01,,
-5.177333e-01,,
-5.040000e-01,,
-5.245333e-01,,
-5.177333e-01,,
-5.382667e-01,,
-5.130666e-01,,
-5.405334e-01,,
-5.429333e-01,,
-5.589333e-01,,
-5.680000e-01,,
-5.612000e-01,,
-5.474667e-01,,
-5.680000e-01,,
-5.680000e-01,,
-5.612000e-01,,
-5.680000e-01,,
-5.862667e-01,,
-5.794667e-01,,
-5.932000e-01,,
-5.932000e-01,,
-6.000000e-01,,
-5.977333e-01,,
-6.046667e-01,,
-5.932000e-01,,
-6.114666e-01,,
-6.137334e-01,,
-6.297333e-01,,
-6.274667e-01,,
-6.321334e-01,,
-6.229333e-01,,
-6.572000e-01,,
-6.412000e-01,,
-6.572000e-01,,
-6.434667e-01,,
-6.481333e-01,,
-6.526667e-01,,
-6.641334e-01,,
-6.572000e-01,,
-6.869333e-01,,
-6.686667e-01,,
-6.984000e-01,,
-6.893333e-01,,
-6.938667e-01,,
-6.756000e-01,,
-6.984000e-01,,
-7.006667e-01,,
-7.076000e-01,,
-6.984000e-01,,
-7.144000e-01,,
-7.076000e-01,,
-7.304000e-01,,
-7.121333e-01,,
-7.258667e-01,,
-7.053334e-01,,
-7.373334e-01,,
-7.304000e-01,,
-7.441334e-01,,
-7.373334e-01,,
-7.601333e-01,,
-7.670667e-01,,
-7.601333e-01,,
-7.556000e-01,,
-7.785333e-01,,
-7.648000e-01,,
-7.761334e-01,,
-7.716000e-01,,
-7.968000e-01,,
-7.761334e-01,,
-7.968000e-01,,
-7.990667e-01,,
-8.058667e-01,,
-7.968000e-01,,
-8.242667e-01,,
-7.990667e-01,,
-8.128000e-01,,
-8.058667e-01,,
-8.220000e-01,,
-8.128000e-01,,
-8.448000e-01,,
-8.333333e-01,,
-8.448000e-01,,
-8.402667e-01,,
-8.448000e-01,,
-8.196000e-01,,
-8.585333e-01,,
-8.402667e-01,,
-8.654667e-01,,
-8.700000e-01,,
-8.814667e-01,,
-8.700000e-01,,
-8.814667e-01,,
-8.790667e-01,,
-8.952000e-01,,
-8.790667e-01,,
-8.928000e-01,,
-8.882667e-01,,
-8.928000e-01,,
-9.089333e-01,,
-9.134667e-01,,
-9.134667e-01,,
-9.340000e-01,,
-9.180000e-01,,
-9.362667e-01,,
-9.225333e-01,,
-9.249333e-01,,
-9.249333e-01,,
-9.432000e-01,,
-9.272000e-01,,
-9.500000e-01,,
-9.500000e-01,,
-9.592000e-01,,
-9.522667e-01,,
-9.774667e-01,,
-9.660000e-01,,
-9.774667e-01,,
-9.706667e-01,,
-9.889333e-01,,
-9.981334e-01,,
-1.002667e+00,,
-9.821333e-01,,
-1.004933e+00,,
-9.957333e-01,,
-1.016400e+00,,
-9.981334e-01,,
-1.018667e+00,,
-9.981334e-01,,
-1.027867e+00,,
-1.016400e+00,,
-1.023200e+00,,
-1.020933e+00,,
-1.055333e+00,,
-1.039200e+00,,
-1.034667e+00,,
-1.036933e+00,,
-1.059867e+00,,
-1.043867e+00,,
-1.064400e+00,,
-1.043867e+00,,
-1.073600e+00,,
-1.057600e+00,,
-1.091867e+00,,
-1.078133e+00,,
-1.091867e+00,,
-1.085067e+00,,
-1.091867e+00,,
-1.085067e+00,,
-1.096400e+00,,
-1.094133e+00,,
-1.107867e+00,,
-1.112400e+00,,
-1.107867e+00,,
-1.107867e+00,,
-1.137600e+00,,
-1.105600e+00,,
-1.144533e+00,,
-1.123867e+00,,
-1.142133e+00,,
-1.137600e+00,,
-1.133067e+00,,
-1.144533e+00,,
-1.160533e+00,,
-1.160533e+00,,
-1.174267e+00,,
-1.155867e+00,,
-1.171867e+00,,
-1.171867e+00,,
-1.178800e+00,,
-1.178800e+00,,
-1.190267e+00,,
-1.197067e+00,,
-1.201733e+00,,
-1.185600e+00,,
-1.213067e+00,,
-1.206267e+00,,
-1.206267e+00,,
-1.206267e+00,,
-1.220000e+00,,
-1.213067e+00,,
-1.233733e+00,,
-1.226800e+00,,
-1.245067e+00,,
-1.236000e+00,,
-1.256533e+00,,
-1.233733e+00,,
-1.263467e+00,,
-1.265733e+00,,
-1.277200e+00,,
-1.258800e+00,,
-1.286267e+00,,
-1.265733e+00,,
-1.279467e+00,,
-1.279467e+00,,
-1.290933e+00,,
-1.295467e+00,,
-1.302267e+00,,
-1.304667e+00,,
-1.302267e+00,,
-1.309200e+00,,
-1.325200e+00,,
-1.297733e+00,,
-1.327467e+00,,
-1.320667e+00,,
-1.336667e+00,,
-1.336667e+00,,
-1.332000e+00,,
-1.325200e+00,,
-1.352667e+00,,
-1.329733e+00,,
-1.366400e+00,,
-1.354933e+00,,
-1.359467e+00,,
-1.366400e+00,,
-1.377867e+00,,
-1.359467e+00,,
-1.384667e+00,,
-1.364133e+00,,
-1.384667e+00,,
-1.373200e+00,,
-1.400667e+00,,
-1.389200e+00,,
-1.412133e+00,,
-1.398400e+00,,
-1.405200e+00,,
-1.405200e+00,,
-1.418933e+00,,
-1.407600e+00,,
-1.430400e+00,,
-1.416667e+00,,
-1.430400e+00,,
-1.428133e+00,,
-1.441867e+00,,
-1.430400e+00,,
-1.457867e+00,,
-1.434933e+00,,
-1.453333e+00,,
-1.451067e+00,,
-1.464667e+00,,
-1.476133e+00,,
-1.469333e+00,,
-1.455600e+00,,
-1.487600e+00,,
-1.485333e+00,,
-1.476133e+00,,
-1.478400e+00,,
-1.492133e+00,,
-1.485333e+00,,
-1.515067e+00,,
-1.494533e+00,,
-1.508133e+00,,
-1.508133e+00,,
-1.526533e+00,,
-1.510533e+00,,
-1.517333e+00,,
-1.521867e+00,,
-1.528800e+00,,
-1.524267e+00,,
-1.544800e+00,,
-1.533333e+00,,
-1.554000e+00,,
-1.544800e+00,,
-1.572267e+00,,
-1.547067e+00,,
-1.574533e+00,,
-1.556267e+00,,
-1.581333e+00,,
-1.576800e+00,,
-1.581333e+00,,
-1.595067e+00,,
-1.588267e+00,,
-1.588267e+00,,
-1.599733e+00,,
-1.592800e+00,,
-1.599733e+00,,
-1.590533e+00,,
-1.611067e+00,,
-1.595067e+00,,
-1.634000e+00,,
-1.611067e+00,,
-1.631733e+00,,
-1.624800e+00,,
-1.645467e+00,,
-1.627200e+00,,
-1.638533e+00,,
-1.650000e+00,,
-1.640933e+00,,
-1.636267e+00,,
-1.670667e+00,,
-1.650000e+00,,
-1.661467e+00,,
-1.677467e+00,,
-1.679733e+00,,
-1.666000e+00,,
-1.698000e+00,,
-1.686667e+00,,
-1.695733e+00,,
-1.691200e+00,,
-1.707200e+00,,
-1.698000e+00,,
-1.711733e+00,,
-1.714133e+00,,
-1.716400e+00,,
-1.714133e+00,,
-1.730133e+00,,
-1.714133e+00,,
-1.723200e+00,,
-1.720933e+00,,
-1.736933e+00,,
-1.750667e+00,,
-1.755200e+00,,
-1.743867e+00,,
-1.766667e+00,,
-1.739200e+00,,
-1.771200e+00,,
-1.755200e+00,,
-1.768933e+00,,
-1.773600e+00,,
-1.782667e+00,,
-1.778133e+00,,
-1.782667e+00,,
-1.780400e+00,,
-1.805600e+00,,
-1.787333e+00,,
-1.810133e+00,,
-1.794133e+00,,
-1.814667e+00,,
-1.807867e+00,,
-1.823867e+00,,
-1.823867e+00,,
-1.835333e+00,,
-1.828400e+00,,
-1.839867e+00,,
-1.830667e+00,,
-1.851333e+00,,
-1.835333e+00,,
-1.862800e+00,,
-1.844400e+00,,
-1.871867e+00,,
-1.858133e+00,,
-1.881067e+00,,
-1.874133e+00,,
-1.881067e+00,,
-1.876533e+00,,
-1.885600e+00,,
-1.894800e+00,,
-1.899333e+00,,
-1.897067e+00,,
-1.890267e+00,,
-1.897067e+00,,
-1.915333e+00,,
-1.908533e+00,,
-1.922267e+00,,
-1.910800e+00,,
-1.931333e+00,,
-1.901600e+00,,
-1.924533e+00,,
-1.936000e+00,,
-1.938267e+00,,
-1.936000e+00,,
-1.954267e+00,,
-1.952000e+00,,
-1.972533e+00,,
-1.952000e+00,,
-1.965733e+00,,
-1.947333e+00,,
-1.968000e+00,,
-1.965733e+00,,
-1.984000e+00,,
-1.970267e+00,,
-1.997733e+00,,
-1.981733e+00,,
-2.000000e+00,,
-2.000000e+00,,
-2.013733e+00,,
-1.995467e+00,,
-2.013733e+00,,
-2.004533e+00,,
-2.027467e+00,,
-2.016000e+00,,
-2.029733e+00,,
-2.029733e+00,,
-2.041200e+00,,
-2.038933e+00,,
-2.054933e+00,,
-2.043467e+00,,
-2.057200e+00,,
-2.032000e+00,,
-2.064000e+00,,
-2.054933e+00,,
-2.070933e+00,,
-2.064000e+00,,
-2.077733e+00,,
-2.080133e+00,,
-2.089200e+00,,
-2.082400e+00,,
-2.096133e+00,,
-2.089200e+00,,
-2.100667e+00,,
-2.089200e+00,,
-2.125867e+00,,
-2.112133e+00,,
-2.123467e+00,,
-2.116667e+00,,
-2.137200e+00,,
-2.116667e+00,,
-2.134933e+00,,
-2.137200e+00,,
-2.146400e+00,,
-2.144133e+00,,
-2.162400e+00,,
-2.144133e+00,,
-2.166933e+00,,
-2.162400e+00,,
-2.166933e+00,,
-2.150933e+00,,
-2.185333e+00,,
-2.180667e+00,,
-2.199067e+00,,
-2.189867e+00,,
-2.196667e+00,,
-2.192133e+00,,
-2.205867e+00,,
-2.192133e+00,,
-2.215067e+00,,
-2.199067e+00,,
-2.212800e+00,,
-2.203600e+00,,
-2.221867e+00,,
-2.224133e+00,,
-2.221867e+00,,
-2.233333e+00,,
-2.237867e+00,,
-2.235600e+00,,
-2.242533e+00,,
-2.256267e+00,,
-2.260800e+00,,
-2.256267e+00,,
-2.267600e+00,,
-2.263067e+00,,
-2.269867e+00,,
-2.258533e+00,,
-2.276800e+00,,
-2.281333e+00,,
-2.292800e+00,,
-2.281333e+00,,
-2.306533e+00,,
-2.286000e+00,,
-2.304267e+00,,
-2.286000e+00,,
-2.320267e+00,,
-2.297333e+00,,
-2.322533e+00,,
-2.322533e+00,,
-2.336267e+00,,
-2.334000e+00,,
-2.347733e+00,,
-2.336267e+00,,
-2.347733e+00,,
-2.340800e+00,,
-2.361467e+00,,
-2.345467e+00,,
-2.356800e+00,,
-2.359200e+00,,
-2.377467e+00,,
-2.352267e+00,,
-2.393467e+00,,
-2.361467e+00,,
-2.386533e+00,,
-2.382000e+00,,
-2.386533e+00,,
-2.384267e+00,,
-2.411733e+00,,
-2.398000e+00,,
-2.409467e+00,,
-2.386533e+00,,
-2.416267e+00,,
-2.404933e+00,,
-2.425467e+00,,
-2.409467e+00,,
-2.450667e+00,,
-2.432400e+00,,
-2.446133e+00,,
-2.430000e+00,,
-2.443733e+00,,
-2.443733e+00,,
-2.436933e+00,,
-2.450667e+00,,
-2.468933e+00,,
-2.457467e+00,,
-2.478133e+00,,
-2.462133e+00,,
-2.478133e+00,,
-2.462133e+00,,
-2.478133e+00,,
-2.489467e+00,,
-2.500933e+00,,
-2.494133e+00,,
-2.512400e+00,,
-2.505600e+00,,
-2.512400e+00,,
-2.514667e+00,,
-2.530667e+00,,
-2.505600e+00,,
-2.528400e+00,,
-2.537600e+00,,
-2.537600e+00,,
-2.530667e+00,,
-2.549067e+00,,
-2.537600e+00,,
-2.555867e+00,,
-2.535333e+00,,
-2.539867e+00,,
-2.528400e+00,,
-2.532933e+00,,
-2.526133e+00,,
-2.523867e+00,,
-2.507867e+00,,
-2.514667e+00,,
-2.500933e+00,,
-2.514667e+00,,
-2.494133e+00,,
-2.516933e+00,,
-2.489467e+00,,
-2.489467e+00,,
-2.484933e+00,,
-2.489467e+00,,
-2.475867e+00,,
-2.475867e+00,,
-2.466667e+00,,
-2.478133e+00,,
-2.452933e+00,,
-2.462133e+00,,
-2.452933e+00,,
-2.457467e+00,,
-2.448400e+00,,
-2.446133e+00,,
-2.420933e+00,,
-2.425467e+00,,
-2.411733e+00,,
-2.430000e+00,,
-2.432400e+00,,
-2.434667e+00,,
-2.414000e+00,,
-2.416267e+00,,
-2.398000e+00,,
-2.407200e+00,,
-2.388933e+00,,
-2.400267e+00,,
-2.398000e+00,,
-2.391200e+00,,
-2.375200e+00,,
-2.395733e+00,,
-2.377467e+00,,
-2.370533e+00,,
-2.354533e+00,,
-2.366000e+00,,
-2.347733e+00,,
-2.350000e+00,,
-2.343067e+00,,
-2.359200e+00,,
-2.343067e+00,,
-2.354533e+00,,
-2.336267e+00,,
-2.331733e+00,,
-2.324800e+00,,
-2.320267e+00,,
-2.313333e+00,,
-2.327067e+00,,
-2.302000e+00,,
-2.320267e+00,,
-2.304267e+00,,
-2.306533e+00,,
-2.292800e+00,,
-2.295067e+00,,
-2.292800e+00,,
-2.288267e+00,,
-2.274533e+00,,
-2.276800e+00,,
-2.263067e+00,,
-2.274533e+00,,
-2.267600e+00,,
-2.267600e+00,,
-2.249333e+00,,
-2.251600e+00,,
-2.235600e+00,,
-2.251600e+00,,
-2.235600e+00,,
-2.228800e+00,,
-2.226533e+00,,
-2.231067e+00,,
-2.210400e+00,,
-2.235600e+00,,
-2.208133e+00,,
-2.212800e+00,,
-2.201333e+00,,
-2.203600e+00,,
-2.192133e+00,,
-2.201333e+00,,
-2.183067e+00,,
-2.185333e+00,,
-2.166933e+00,,
-2.185333e+00,,
-2.169333e+00,,
-2.189867e+00,,
-2.155600e+00,,
-2.173867e+00,,
-2.150933e+00,,
-2.171600e+00,,
-2.150933e+00,,
-2.157867e+00,,
-2.141867e+00,,
-2.132667e+00,,
-2.132667e+00,,
-2.144133e+00,,
-2.123467e+00,,
-2.130400e+00,,
-2.121200e+00,,
-2.125867e+00,,
-2.116667e+00,,
-2.114400e+00,,
-2.098400e+00,,
-2.121200e+00,,
-2.077733e+00,,
-2.093733e+00,,
-2.080133e+00,,
-2.102933e+00,,
-2.070933e+00,,
-2.080133e+00,,
-2.064000e+00,,
-2.075467e+00,,
-2.064000e+00,,
-2.075467e+00,,
-2.064000e+00,,
-2.064000e+00,,
-2.045733e+00,,
-2.041200e+00,,
-2.029733e+00,,
-2.034267e+00,,
-2.027467e+00,,
-2.045733e+00,,
-2.011467e+00,,
-2.029733e+00,,
-2.006933e+00,,
-2.034267e+00,,
-2.013733e+00,,
-2.011467e+00,,
-1.986267e+00,,
-2.000000e+00,,
-1.965733e+00,,
-2.000000e+00,,
-1.981733e+00,,
-1.997733e+00,,
-1.977067e+00,,
-1.972533e+00,,
-1.963467e+00,,
-1.968000e+00,,
-1.945067e+00,,
-1.965733e+00,,
-1.945067e+00,,
-1.949733e+00,,
-1.931333e+00,,
-1.952000e+00,,
-1.933733e+00,,
-1.933733e+00,,
-1.915333e+00,,
-1.922267e+00,,
-1.920000e+00,,
-1.922267e+00,,
-1.901600e+00,,
-1.917600e+00,,
-1.894800e+00,,
-1.913067e+00,,
-1.899333e+00,,
-1.890267e+00,,
-1.878800e+00,,
-1.883333e+00,,
-1.874133e+00,,
-1.881067e+00,,
-1.858133e+00,,
-1.881067e+00,,
-1.862800e+00,,
-1.858133e+00,,
-1.849067e+00,,
-1.860533e+00,,
-1.844400e+00,,
-1.844400e+00,,
-1.833067e+00,,
-1.844400e+00,,
-1.814667e+00,,
-1.835333e+00,,
-1.812400e+00,,
-1.828400e+00,,
-1.807867e+00,,
-1.817067e+00,,
-1.796400e+00,,
-1.817067e+00,,
-1.791867e+00,,
-1.798667e+00,,
-1.787333e+00,,
-1.787333e+00,,
-1.778133e+00,,
-1.782667e+00,,
-1.773600e+00,,
-1.768933e+00,,
-1.757467e+00,,
-1.764400e+00,,
-1.752933e+00,,
-1.764400e+00,,
-1.741467e+00,,
-1.775867e+00,,
-1.736933e+00,,
-1.748400e+00,,
-1.725467e+00,,
-1.748400e+00,,
-1.720933e+00,,
-1.725467e+00,,
-1.714133e+00,,
-1.725467e+00,,
-1.704933e+00,,
-1.704933e+00,,
-1.693467e+00,,
-1.698000e+00,,
-1.686667e+00,,
-1.695733e+00,,
-1.675200e+00,,
-1.679733e+00,,
-1.675200e+00,,
-1.684267e+00,,
-1.670667e+00,,
-1.686667e+00,,
-1.652267e+00,,
-1.663733e+00,,
-1.647733e+00,,
-1.659200e+00,,
-1.638533e+00,,
-1.643200e+00,,
-1.624800e+00,,
-1.636267e+00,,
-1.608800e+00,,
-1.624800e+00,,
-1.620267e+00,,
-1.634000e+00,,
-1.608800e+00,,
-1.604267e+00,,
-1.615733e+00,,
-1.602000e+00,,
-1.586000e+00,,
-1.606533e+00,,
-1.576800e+00,,
-1.597467e+00,,
-1.567733e+00,,
-1.590533e+00,,
-1.565333e+00,,
-1.576800e+00,,
-1.567733e+00,,
-1.565333e+00,,
-1.554000e+00,,
-1.554000e+00,,
-1.537867e+00,,
-1.551600e+00,,
-1.533333e+00,,
-1.544800e+00,,
-1.521867e+00,,
-1.533333e+00,,
-1.517333e+00,,
-1.528800e+00,,
-1.512800e+00,,
-1.519600e+00,,
-1.501333e+00,,
-1.510533e+00,,
-1.492133e+00,,
-1.494533e+00,,
-1.499067e+00,,
-1.499067e+00,,
-1.467067e+00,,
-1.487600e+00,,
-1.478400e+00,,
-1.485333e+00,,
-1.453333e+00,,
-1.469333e+00,,
-1.451067e+00,,
-1.457867e+00,,
-1.451067e+00,,
-1.441867e+00,,
-1.437333e+00,,
-1.441867e+00,,
-1.425867e+00,,
-1.446400e+00,,
-1.430400e+00,,
-1.434933e+00,,
-1.405200e+00,,
-1.425867e+00,,
-1.396133e+00,,
-1.414400e+00,,
-1.398400e+00,,
-1.423600e+00,,
-1.393867e+00,,
-1.393867e+00,,
-1.380133e+00,,
-1.393867e+00,,
-1.370933e+00,,
-1.377867e+00,,
-1.368667e+00,,
-1.370933e+00,,
-1.359467e+00,,
-1.366400e+00,,
-1.357200e+00,,
-1.348133e+00,,
-1.336667e+00,,
-1.359467e+00,,
-1.322933e+00,,
-1.348133e+00,,
-1.332000e+00,,
-1.338933e+00,,
-1.318267e+00,,
-1.327467e+00,,
-1.309200e+00,,
-1.325200e+00,,
-1.318267e+00,,
-1.313733e+00,,
-1.302267e+00,,
-1.313733e+00,,
-1.293200e+00,,
-1.304667e+00,,
-1.286267e+00,,
-1.290933e+00,,
-1.265733e+00,,
-1.274933e+00,,
-1.261200e+00,,
-1.256533e+00,,
-1.263467e+00,,
-1.270267e+00,,
-1.252000e+00,,
-1.268000e+00,,
-1.254267e+00,,
-1.256533e+00,,
-1.224533e+00,,
-1.238267e+00,,
-1.222267e+00,,
-1.226800e+00,,
-1.215333e+00,,
-1.222267e+00,,
-1.204000e+00,,
-1.229067e+00,,
-1.201733e+00,,
-1.210800e+00,,
-1.194800e+00,,
-1.199333e+00,,
-1.199333e+00,,
-1.197067e+00,,
-1.174267e+00,,
-1.181067e+00,,
-1.167333e+00,,
-1.165067e+00,,
-1.167333e+00,,
-1.151333e+00,,
-1.158267e+00,,
-1.155867e+00,,
-1.149067e+00,,
-1.155867e+00,,
-1.133067e+00,,
-1.153600e+00,,
-1.126133e+00,,
-1.144533e+00,,
-1.112400e+00,,
-1.130800e+00,,
-1.110133e+00,,
-1.103333e+00,,
-1.103333e+00,,
-1.110133e+00,,
-1.101067e+00,,
-1.107867e+00,,
-1.085067e+00,,
-1.096400e+00,,
-1.082667e+00,,
-1.082667e+00,,
-1.073600e+00,,
-1.075867e+00,,
-1.062133e+00,,
-1.071333e+00,,
-1.048400e+00,,
-1.052933e+00,,
-1.036933e+00,,
-1.050667e+00,,
-1.036933e+00,,
-1.052933e+00,,
-1.036933e+00,,
-1.039200e+00,,
-1.020933e+00,,
-1.030133e+00,,
-1.004933e+00,,
-1.011867e+00,,
-1.004933e+00,,
-1.016400e+00,,
-1.002667e+00,,
-1.011867e+00,,
-9.957333e-01,,
-1.007200e+00,,
-9.774667e-01,,
-9.821333e-01,,
-9.752000e-01,,
-9.912000e-01,,
-9.684000e-01,,
-9.614667e-01,,
-9.546667e-01,,
-9.774667e-01,,
-9.477333e-01,,
-9.684000e-01,,
-9.409333e-01,,
-9.362667e-01,,
-9.249333e-01,,
-9.409333e-01,,
-9.409333e-01,,
-9.249333e-01,,
-9.134667e-01,,
-9.362667e-01,,
-9.134667e-01,,
-9.202667e-01,,
-9.134667e-01,,
-9.202667e-01,,
-9.020000e-01,,
-8.905333e-01,,
-8.974667e-01,,
-8.928000e-01,,
-8.790667e-01,,
-8.814667e-01,,
-8.745334e-01,,
-8.722667e-01,,
-8.700000e-01,,
-8.860000e-01,,
-8.585333e-01,,
-8.562667e-01,,
-8.448000e-01,,
-8.585333e-01,,
-8.448000e-01,,
-8.402667e-01,,
-8.265333e-01,,
-8.402667e-01,,
-8.242667e-01,,
-8.425333e-01,,
-8.082667e-01,,
-8.242667e-01,,
-7.990667e-01,,
-8.150667e-01,,
-7.968000e-01,,
-8.036000e-01,,
-8.058667e-01,,
-8.013334e-01,,
-7.898667e-01,,
-7.990667e-01,,
-7.693334e-01,,
-7.830667e-01,,
-7.761334e-01,,
-7.830667e-01,,
-7.693334e-01,,
-7.670667e-01,,
-7.601333e-01,,
-7.625334e-01,,
-7.396000e-01,,
-7.533333e-01,,
-7.350667e-01,,
-7.441334e-01,,
-7.326667e-01,,
-7.373334e-01,,
-7.121333e-01,,
-7.213333e-01,,
-7.258667e-01,,
-7.213333e-01,,
-7.121333e-01,,
-7.121333e-01,,
-7.053334e-01,,
-7.029333e-01,,
-7.029333e-01,,
-7.121333e-01,,
-6.869333e-01,,
-6.984000e-01,,
-6.916000e-01,,
-6.869333e-01,,
-6.641334e-01,,
-6.938667e-01,,
-6.664000e-01,,
-6.641334e-01,,
-6.594667e-01,,
-6.641334e-01,,
-6.526667e-01,,
-6.549333e-01,,
-6.412000e-01,,
-6.504000e-01,,
-6.366667e-01,,
-6.297333e-01,,
-6.184000e-01,,
-6.321334e-01,,
-6.092000e-01,,
-6.161333e-01,,
-6.024000e-01,,
-6.092000e-01,,
-5.954667e-01,,
-6.046667e-01,,
-5.886667e-01,,
-6.114666e-01,,
-5.840000e-01,,
-6.000000e-01,,
-5.680000e-01,,
-5.886667e-01,,
-5.680000e-01,,
-5.794667e-01,,
-5.542667e-01,,
-5.497333e-01,,
-5.405334e-01,,
-5.429333e-01,,
-5.405334e-01,,
-5.497333e-01,,
-5.268000e-01,,
-5.360000e-01,,
-5.245333e-01,,
-5.245333e-01,,
-5.130666e-01,,
-5.268000e-01,,
-5.177333e-01,,
-5.130666e-01,,
-4.970667e-01,,
-5.017334e-01,,
-4.810667e-01,,
-5.017334e-01,,
-4.902667e-01,,
-4.902667e-01,,
-4.742667e-01,,
-4.788000e-01,,
-4.628000e-01,,
-4.697333e-01,,
-4.605334e-01,,
-4.742667e-01,,
-4.445333e-01,,
-4.513333e-01,,
-4.513333e-01,,
-4.398667e-01,,
-4.398667e-01,,
-4.422667e-01,,
-4.285333e-01,,
-4.330667e-01,,
-4.193333e-01,,
-4.216000e-01,,
-4.101333e-01,,
-4.193333e-01,,
-4.033333e-01,,
-4.078667e-01,,
-3.988000e-01,,
-4.193333e-01,,
-3.873333e-01,,
-3.941333e-01,,
-3.850667e-01,,
-3.873333e-01,,
-3.713333e-01,,
-3.873333e-01,,
-3.758667e-01,,
-3.828000e-01,,
-3.553333e-01,,
-3.621333e-01,,
-3.553333e-01,,
-3.644000e-01,,
-3.369333e-01,,
-3.301333e-01,,
-3.324000e-01,,
-3.416000e-01,,
-3.233333e-01,,
-3.416000e-01,,
-3.209333e-01,,
-3.301333e-01,,
-3.072000e-01,,
-3.233333e-01,,
-3.049333e-01,,
-3.072000e-01,,
-2.981333e-01,,
-2.912000e-01,,
-2.798667e-01,,
-2.912000e-01,,
-2.729333e-01,,
-2.798667e-01,,
-2.637333e-01,,
-2.706667e-01,,
-2.637333e-01,,
-2.684000e-01,,
-2.569333e-01,,
-2.501333e-01,,
-2.477333e-01,,
-2.454667e-01,,
-2.364000e-01,,
-2.477333e-01,,
-2.272000e-01,,
-2.294667e-01,,
-2.180000e-01,,
-2.386667e-01,,
-2.134667e-01,,
-2.272000e-01,,
-2.066667e-01,,
-2.134667e-01,,
-1.952000e-01,,
-1.882667e-01,,
-1.792000e-01,,
-2.042667e-01,,
-1.792000e-01,,
-1.905333e-01,,
-1.700000e-01,,
-1.792000e-01,,
-1.654667e-01,,
-1.860000e-01,,
-1.448000e-01,,
-1.608000e-01,,
-1.402667e-01,,
-1.494667e-01,,
-1.357333e-01,,
-1.425333e-01,,
-1.334667e-01,,
-1.357333e-01,,
-1.242667e-01,,
-1.357333e-01,,
-1.220000e-01,,
-1.242667e-01,,
-9.906667e-02,,
-1.037333e-01,,
-7.160000e-02,,
-1.060000e-01,,
-9.226667e-02,,
-8.533333e-02,,
-8.306666e-02,,
-8.760000e-02,,
-7.160000e-02,,
-8.080000e-02,,
-6.026667e-02,,
-7.626667e-02,,
-6.480000e-02,,
-5.560000e-02,,
-3.053333e-02,,
-6.253333e-02,,
-3.733333e-02,,
-4.653334e-02,,
-2.133333e-02,,
-3.506667e-02,,
-1.680000e-02,,
-3.280000e-02,,
-9.866667e-03,,
-9.866667e-03,,
+8.400000e-03,,
-1.213333e-02,,
+2.213333e-02,,
+1.600000e-03,,
+1.293333e-02,,
-6.666667e-04,,
+2.906667e-02,,
+2.213333e-02,,
+4.506667e-02,,
+3.813333e-02,,
+4.506667e-02,,
+3.813333e-02,,
+5.186667e-02,,
+4.040000e-02,,
+5.640000e-02,,
+4.266667e-02,,
+6.560000e-02,,
+6.333333e-02,,
+8.160000e-02,,
+7.933334e-02,,
+8.853333e-02,,
+7.253333e-02,,
+9.760000e-02,,
+8.160000e-02,,
+7.933334e-02,,
+8.853333e-02,,
+9.760000e-02,,
+9.760000e-02,,
+1.068000e-01,,
+9.080000e-02,,
+1.273333e-01,,
+1.228000e-01,,
+1.182667e-01,,
+1.136000e-01,,
+1.136000e-01,,
+1.205333e-01,,
+1.410667e-01,,
+1.410667e-01,,
+1.502667e-01,,
+1.480000e-01,,
+1.640000e-01,,
+1.593333e-01,,
+1.730667e-01,,
+1.548000e-01,,
+1.822667e-01,,
+1.708000e-01,,
+1.708000e-01,,
+1.800000e-01,,
+1.890667e-01,,
+1.845333e-01,,
+1.868000e-01,,
+1.960000e-01,,
+2.028000e-01,,
+1.960000e-01,,
+2.212000e-01,,
+1.960000e-01,,
+2.097333e-01,,
+2.074667e-01,,
+2.280000e-01,,
+2.165333e-01,,
+2.440000e-01,,
+2.325333e-01,,
+2.486667e-01,,
+2.440000e-01,,
+2.669333e-01,,
+2.417333e-01,,
+2.737333e-01,,
+2.462667e-01,,
+2.714667e-01,,
+2.554667e-01,,
+2.806667e-01,,
+2.737333e-01,,
+2.989333e-01,,
+2.760000e-01,,
+3.057333e-01,,
+2.806667e-01,,
+3.034667e-01,,
+3.104000e-01,,
+3.057333e-01,,
+3.034667e-01,,
+3.081333e-01,,
+3.149333e-01,,
+3.241333e-01,,
+3.264000e-01,,
+3.309333e-01,,
+3.264000e-01,,
+3.424000e-01,,
+3.446667e-01,,
+3.516000e-01,,
+3.561333e-01,,
+3.516000e-01,,
+3.446667e-01,,
+3.584000e-01,,
+3.606667e-01,,
+3.584000e-01,,
+3.584000e-01,,
+3.766667e-01,,
+3.836000e-01,,
+3.858667e-01,,
+3.858667e-01,,
+3.950667e-01,,
+3.836000e-01,,
+3.904000e-01,,
+3.973333e-01,,
+4.156000e-01,,
+4.133333e-01,,
+4.201334e-01,,
+4.110667e-01,,
+4.248000e-01,,
+4.201334e-01,,
+4.293333e-01,,
+4.338667e-01,,
+4.338667e-01,,
+4.338667e-01,,
+4.385333e-01,,
+4.453333e-01,,
+4.521333e-01,,
+4.545333e-01,,
+4.590667e-01,,
+4.568000e-01,,
+4.750667e-01,,
+4.773333e-01,,
+4.796000e-01,,
+4.773333e-01,,
+4.933333e-01,,
+4.910667e-01,,
+5.070667e-01,,
+4.842667e-01,,
+5.117334e-01,,
+5.070667e-01,,
+5.162666e-01,,
+5.025333e-01,,
+5.368000e-01,,
+5.277333e-01,,
+5.162666e-01,,
+5.277333e-01,,
+5.414667e-01,,
+5.277333e-01,,
+5.437334e-01,,
+5.482666e-01,,
+5.550666e-01,,
+5.505334e-01,,
+5.620000e-01,,
+5.550666e-01,,
+5.642667e-01,,
+5.665333e-01,,
+5.802667e-01,,
+5.665333e-01,,
+5.894667e-01,,
+5.734667e-01,,
+5.940000e-01,,
+5.894667e-01,,
+5.872000e-01,,
+5.780000e-01,,
+6.122667e-01,,
+6.032000e-01,,
+6.237333e-01,,
+6.169333e-01,,
+6.420000e-01,,
+6.122667e-01,,
+6.192000e-01,,
+6.329333e-01,,
+6.329333e-01,,
+6.282667e-01,,
+6.512000e-01,,
+6.466666e-01,,
+6.557333e-01,,
+6.534667e-01,,
+6.809334e-01,,
+6.626667e-01,,
+6.786667e-01,,
+6.604000e-01,,
+6.741334e-01,,
+6.764000e-01,,
+6.969333e-01,,
+6.924000e-01,,
+6.969333e-01,,
+6.969333e-01,,
+7.014667e-01,,
+7.084000e-01,,
+7.198667e-01,,
+7.221333e-01,,
+7.198667e-01,,
+7.221333e-01,,
+7.289333e-01,,
+7.198667e-01,,
+7.518667e-01,,
+7.336000e-01,,
+7.404000e-01,,
+7.381334e-01,,
+7.678667e-01,,
+7.541333e-01,,
+7.633333e-01,,
+7.564000e-01,,
+7.861333e-01,,
+7.701333e-01,,
+7.793334e-01,,
+7.746667e-01,,
+7.816000e-01,,
+7.793334e-01,,
+8.045334e-01,,
+7.976000e-01,,
+8.113334e-01,,
+8.021333e-01,,
+8.205333e-01,,
+8.068000e-01,,
+8.181334e-01,,
+8.021333e-01,,
+8.136000e-01,,
+8.136000e-01,,
+8.365334e-01,,
+8.456000e-01,,
+8.525333e-01,,
+8.342667e-01,,
+8.570667e-01,,
+8.502667e-01,,
+8.570667e-01,,
+8.478667e-01,,
+8.730667e-01,,
+8.662667e-01,,
+8.822667e-01,,
+8.685333e-01,,
+8.890667e-01,,
+8.777333e-01,,
+8.913333e-01,,
+8.913333e-01,,
+9.028000e-01,,
+8.845333e-01,,
+9.050667e-01,,
+9.005333e-01,,
+9.210667e-01,,
+9.210667e-01,,
+9.257333e-01,,
+9.234667e-01,,
+9.234667e-01,,
+9.142667e-01,,
+9.485334e-01,,
+9.302667e-01,,
+9.485334e-01,,
+9.372000e-01,,
+9.600000e-01,,
+9.622667e-01,,
+9.806667e-01,,
+9.669334e-01,,
+9.600000e-01,,
+9.577333e-01,,
+9.714667e-01,,
+9.737334e-01,,
+9.852000e-01,,
+9.897333e-01,,
+9.897333e-01,,
+9.942667e-01,,
+1.010400e+00,,
+9.852000e-01,,
+1.017200e+00,,
+1.008000e+00,,
+1.001200e+00,,
+1.005733e+00,,
+1.033200e+00,,
+1.024133e+00,,
+1.042400e+00,,
+1.026400e+00,,
+1.053867e+00,,
+1.035467e+00,,
+1.044667e+00,,
+1.042400e+00,,
+1.058400e+00,,
+1.051467e+00,,
+1.062933e+00,,
+1.067467e+00,,
+1.083600e+00,,
+1.081200e+00,,
+1.094933e+00,,
+1.083600e+00,,
+1.094933e+00,,
+1.081200e+00,,
+1.097333e+00,,
+1.088133e+00,,
+1.108667e+00,,
+1.101867e+00,,
+1.120133e+00,,
+1.113333e+00,,
+1.124667e+00,,
+1.124667e+00,,
+1.131600e+00,,
+1.115600e+00,,
+1.140667e+00,,
+1.127067e+00,,
+1.131600e+00,,
+1.138400e+00,,
+1.156800e+00,,
+1.143067e+00,,
+1.179600e+00,,
+1.165867e+00,,
+1.181867e+00,,
+1.161333e+00,,
+1.179600e+00,,
+1.159067e+00,,
+1.181867e+00,,
+1.179600e+00,,
+1.197867e+00,,
+1.200267e+00,,
+1.216267e+00,,
+1.204800e+00,,
+1.218533e+00,,
+1.207067e+00,,
+1.225333e+00,,
+1.211600e+00,,
+1.230000e+00,,
+1.223067e+00,,
+1.227600e+00,,
+1.230000e+00,,
+1.250533e+00,,
+1.234533e+00,,
+1.250533e+00,,
+1.248267e+00,,
+1.266533e+00,,
+1.246000e+00,,
+1.257333e+00,,
+1.262000e+00,,
+1.278000e+00,,
+1.275733e+00,,
+1.280267e+00,,
+1.278000e+00,,
+1.298533e+00,,
+1.282533e+00,,
+1.289467e+00,,
+1.291733e+00,,
+1.307733e+00,,
+1.310000e+00,,
+1.312267e+00,,
+1.314533e+00,,
+1.339733e+00,,
+1.323733e+00,,
+1.328267e+00,,
+1.326000e+00,,
+1.339733e+00,,
+1.342000e+00,,
+1.346667e+00,,
+1.342000e+00,,
+1.358000e+00,,
+1.360267e+00,,
+1.367200e+00,,
+1.355733e+00,,
+1.371733e+00,,
+1.371733e+00,,
+1.394667e+00,,
+1.374000e+00,,
+1.403733e+00,,
+1.383200e+00,,
+1.390133e+00,,
+1.390133e+00,,
+1.410667e+00,,
+1.403733e+00,,
+1.415200e+00,,
+1.412933e+00,,
+1.419867e+00,,
+1.417467e+00,,
+1.424400e+00,,
+1.424400e+00,,
+1.431200e+00,,
+1.428933e+00,,
+1.447200e+00,,
+1.451867e+00,,
+1.447200e+00,,
+1.454133e+00,,
+1.454133e+00,,
+1.458667e+00,,
+1.463333e+00,,
+1.465600e+00,,
+1.481600e+00,,
+1.465600e+00,,
+1.486133e+00,,
+1.474667e+00,,
+1.488400e+00,,
+1.495333e+00,,
+1.511333e+00,,
+1.493067e+00,,
+1.509067e+00,,
+1.506667e+00,,
+1.513600e+00,,
+1.520400e+00,,
+1.527333e+00,,
+1.520400e+00,,
+1.527333e+00,,
+1.541067e+00,,
+1.543333e+00,,
+1.538800e+00,,
+1.554800e+00,,
+1.545600e+00,,
+1.566267e+00,,
+1.543333e+00,,
+1.561600e+00,,
+1.573067e+00,,
+1.584533e+00,,
+1.573067e+00,,
+1.586800e+00,,
+1.566267e+00,,
+1.589067e+00,,
+1.584533e+00,,
+1.596000e+00,,
+1.598267e+00,,
+1.602800e+00,,
+1.602800e+00,,
+1.602800e+00,,
+1.607333e+00,,
+1.634800e+00,,
+1.614267e+00,,
+1.632533e+00,,
+1.621067e+00,,
+1.639467e+00,,
+1.625733e+00,,
+1.660000e+00,,
+1.646267e+00,,
+1.644000e+00,,
+1.653067e+00,,
+1.671467e+00,,
+1.657733e+00,,
+1.660000e+00,,
+1.666800e+00,,
+1.680533e+00,,
+1.669200e+00,,
+1.687467e+00,,
+1.692000e+00,,
+1.685200e+00,,
+1.687467e+00,,
+1.696533e+00,,
+1.687467e+00,,
+1.710267e+00,,
+1.703467e+00,,
+1.701200e+00,,
+1.710267e+00,,
+1.730933e+00,,
+1.712667e+00,,
+1.730933e+00,,
+1.714933e+00,,
+1.746933e+00,,
+1.733200e+00,,
+1.753733e+00,,
+1.749200e+00,,
+1.758400e+00,,
+1.746933e+00,,
+1.762933e+00,,
+1.760667e+00,,
+1.774400e+00,,
+1.760667e+00,,
+1.790400e+00,,
+1.781200e+00,,
+1.794933e+00,,
+1.778933e+00,,
+1.799467e+00,,
+1.785867e+00,,
+1.810933e+00,,
+1.801867e+00,,
+1.817867e+00,,
+1.804133e+00,,
+1.829333e+00,,
+1.820133e+00,,
+1.836133e+00,,
+1.836133e+00,,
+1.849867e+00,,
+1.842933e+00,,
+1.859067e+00,,
+1.842933e+00,,
+1.849867e+00,,
+1.859067e+00,,
+1.861333e+00,,
+1.859067e+00,,
+1.854400e+00,,
+1.859067e+00,,
+1.877333e+00,,
+1.893333e+00,,
+1.877333e+00,,
+1.884133e+00,,
+1.893333e+00,,
+1.875067e+00,,
+1.897867e+00,,
+1.907067e+00,,
+1.916133e+00,,
+1.909333e+00,,
+1.911600e+00,,
+1.927600e+00,,
+1.927600e+00,,
+1.929867e+00,,
+1.939067e+00,,
+1.934533e+00,,
+1.941333e+00,,
+1.941333e+00,,
+1.955067e+00,,
+1.962000e+00,,
+1.966533e+00,,
+1.962000e+00,,
+1.968800e+00,,
+1.966533e+00,,
+1.978000e+00,,
+1.973333e+00,,
+1.982533e+00,,
+1.984800e+00,,
+1.984800e+00,,
+1.991733e+00,,
+1.991733e+00,,
+1.980267e+00,,
+2.007733e+00,,
+2.012267e+00,,
+2.007733e+00,,
+2.010000e+00,,
+2.023733e+00,,
+2.019067e+00,,
+2.032800e+00,,
+2.032800e+00,,
+2.037467e+00,,
+2.044267e+00,,
+2.053467e+00,,
+2.046533e+00,,
+2.062533e+00,,
+2.042000e+00,,
+2.064933e+00,,
+2.058000e+00,,
+2.069467e+00,,
+2.064933e+00,,
+2.080933e+00,,
+2.087733e+00,,
+2.092267e+00,,
+2.083200e+00,,
+2.094667e+00,,
+2.085467e+00,,
+2.112933e+00,,
+2.094667e+00,,
+2.101467e+00,,
+2.103733e+00,,
+2.115200e+00,,
+2.115200e+00,,
+2.119733e+00,,
+2.124400e+00,,
+2.126667e+00,,
+2.117467e+00,,
+2.126667e+00,,
+2.140400e+00,,
+2.156400e+00,,
+2.142667e+00,,
+2.170133e+00,,
+2.156400e+00,,
+2.167867e+00,,
+2.160933e+00,,
+2.172400e+00,,
+2.163200e+00,,
+2.176933e+00,,
+2.174667e+00,,
+2.183867e+00,,
+2.183867e+00,,
+2.208933e+00,,
+2.195333e+00,,
+2.206667e+00,,
+2.195333e+00,,
+2.213600e+00,,
+2.195333e+00,,
+2.225067e+00,,
+2.206667e+00,,
+2.231867e+00,,
+2.225067e+00,,
+2.238667e+00,,
+2.229600e+00,,
+2.236400e+00,,
+2.243333e+00,,
+2.243333e+00,,
+2.243333e+00,,
+2.259333e+00,,
+2.247867e+00,,
+2.266133e+00,,
+2.259333e+00,,
+2.270800e+00,,
+2.268533e+00,,
+2.279867e+00,,
+2.282133e+00,,
+2.293600e+00,,
+2.286800e+00,,
+2.307333e+00,,
+2.293600e+00,,
+2.307333e+00,,
+2.305067e+00,,
+2.318800e+00,,
+2.307333e+00,,
+2.339333e+00,,
+2.328000e+00,,
+2.330267e+00,,
+2.318800e+00,,
+2.346267e+00,,
+2.341733e+00,,
+2.353067e+00,,
+2.350800e+00,,
+2.355333e+00,,
+2.348533e+00,,
+2.369067e+00,,
+2.362267e+00,,
+2.373733e+00,,
+2.371467e+00,,
+2.394267e+00,,
+2.389733e+00,,
+2.394267e+00,,
+2.378267e+00,,
+2.396533e+00,,
+2.394267e+00,,
+2.417200e+00,,
+2.389733e+00,,
+2.410267e+00,,
+2.403467e+00,,
+2.417200e+00,,
+2.412533e+00,,
+2.426267e+00,,
+2.414933e+00,,
+2.426267e+00,,
+2.419467e+00,,
+2.444667e+00,,
+2.444667e+00,,
+2.458267e+00,,
+2.449200e+00,,
+2.469733e+00,,
+2.446933e+00,,
+2.465200e+00,,
+2.449200e+00,,
+2.453733e+00,,
+2.446933e+00,,
+2.437733e+00,,
+2.430933e+00,,
+2.437733e+00,,
+2.426267e+00,,
+2.433200e+00,,
+2.426267e+00,,
+2.412533e+00,,
+2.408000e+00,,
+2.408000e+00,,
+2.394267e+00,,
+2.405733e+00,,
+2.378267e+00,,
+2.389733e+00,,
+2.392000e+00,,
+2.392000e+00,,
+2.378267e+00,,
+2.373733e+00,,
+2.366800e+00,,
+2.366800e+00,,
+2.353067e+00,,
+2.369067e+00,,
+2.360000e+00,,
+2.346267e+00,,
+2.344000e+00,,
+2.334800e+00,,
+2.332533e+00,,
+2.360000e+00,,
+2.325600e+00,,
+2.328000e+00,,
+2.325600e+00,,
+2.323333e+00,,
+2.318800e+00,,
+2.323333e+00,,
+2.307333e+00,,
+2.311867e+00,,
+2.302800e+00,,
+2.302800e+00,,
+2.293600e+00,,
+2.282133e+00,,
+2.279867e+00,,
+2.295867e+00,,
+2.270800e+00,,
+2.279867e+00,,
+2.261600e+00,,
+2.261600e+00,,
+2.243333e+00,,
+2.266133e+00,,
+2.247867e+00,,
+2.254800e+00,,
+2.236400e+00,,
+2.250133e+00,,
+2.227333e+00,,
+2.227333e+00,,
+2.211333e+00,,
+2.227333e+00,,
+2.206667e+00,,
+2.211333e+00,,
+2.197600e+00,,
+2.227333e+00,,
+2.202133e+00,,
+2.213600e+00,,
+2.195333e+00,,
+2.195333e+00,,
+2.183867e+00,,
+2.195333e+00,,
+2.179200e+00,,
+2.186133e+00,,
+2.172400e+00,,
+2.181600e+00,,
+2.163200e+00,,
+2.151867e+00,,
+2.156400e+00,,
+2.160933e+00,,
+2.144933e+00,,
+2.147200e+00,,
+2.142667e+00,,
+2.151867e+00,,
+2.126667e+00,,
+2.138133e+00,,
+2.119733e+00,,
+2.112933e+00,,
+2.110667e+00,,
+2.106000e+00,,
+2.115200e+00,,
+2.103733e+00,,
+2.101467e+00,,
+2.108400e+00,,
+2.080933e+00,,
+2.083200e+00,,
+2.080933e+00,,
+2.074000e+00,,
+2.064933e+00,,
+2.074000e+00,,
+2.067200e+00,,
+2.064933e+00,,
+2.048933e+00,,
+2.058000e+00,,
+2.048933e+00,,
+2.048933e+00,,
+2.051200e+00,,
+2.039733e+00,,
+2.032800e+00,,
+2.032800e+00,,
+2.019067e+00,,
+2.021467e+00,,
+2.016800e+00,,
+2.023733e+00,,
+2.000800e+00,,
+2.014533e+00,,
+2.005467e+00,,
+1.998533e+00,,
+1.989333e+00,,
+1.998533e+00,,
+1.984800e+00,,
+1.973333e+00,,
+1.984800e+00,,
+2.000800e+00,,
+1.973333e+00,,
+1.968800e+00,,
+1.955067e+00,,
+1.964267e+00,,
+1.943600e+00,,
+1.950533e+00,,
+1.939067e+00,,
+1.962000e+00,,
+1.943600e+00,,
+1.939067e+00,,
+1.920800e+00,,
+1.932267e+00,,
+1.916133e+00,,
+1.923067e+00,,
+1.909333e+00,,
+1.909333e+00,,
+1.902533e+00,,
+1.916133e+00,,
+1.886400e+00,,
+1.902533e+00,,
+1.893333e+00,,
+1.897867e+00,,
+1.881867e+00,,
+1.870400e+00,,
+1.861333e+00,,
+1.870400e+00,,
+1.863600e+00,,
+1.870400e+00,,
+1.845333e+00,,
+1.865867e+00,,
+1.840667e+00,,
+1.859067e+00,,
+1.836133e+00,,
+1.838400e+00,,
+1.815600e+00,,
+1.836133e+00,,
+1.829333e+00,,
+1.822400e+00,,
+1.813200e+00,,
+1.826933e+00,,
+1.808667e+00,,
+1.813200e+00,,
+1.801867e+00,,
+1.799467e+00,,
+1.804133e+00,,
+1.790400e+00,,
+1.774400e+00,,
+1.792667e+00,,
+1.778933e+00,,
+1.781200e+00,,
+1.767467e+00,,
+1.774400e+00,,
+1.746933e+00,,
+1.765200e+00,,
+1.749200e+00,,
+1.746933e+00,,
+1.744667e+00,,
+1.742400e+00,,
+1.726267e+00,,
+1.730933e+00,,
+1.721733e+00,,
+1.733200e+00,,
+1.710267e+00,,
+1.721733e+00,,
+1.717200e+00,,
+1.717200e+00,,
+1.698933e+00,,
+1.708000e+00,,
+1.687467e+00,,
+1.710267e+00,,
+1.682933e+00,,
+1.694267e+00,,
+1.676000e+00,,
+1.660000e+00,,
+1.655467e+00,,
+1.685200e+00,,
+1.653067e+00,,
+1.662267e+00,,
+1.653067e+00,,
+1.655467e+00,,
+1.648533e+00,,
+1.646267e+00,,
+1.630267e+00,,
+1.639467e+00,,
+1.623333e+00,,
+1.625733e+00,,
+1.618800e+00,,
+1.621067e+00,,
+1.614267e+00,,
+1.616533e+00,,
+1.607333e+00,,
+1.607333e+00,,
+1.591333e+00,,
+1.598267e+00,,
+1.591333e+00,,
+1.593600e+00,,
+1.573067e+00,,
+1.589067e+00,,
+1.566267e+00,,
+1.577600e+00,,
+1.554800e+00,,
+1.577600e+00,,
+1.552533e+00,,
+1.561600e+00,,
+1.541067e+00,,
+1.550133e+00,,
+1.534133e+00,,
+1.543333e+00,,
+1.538800e+00,,
+1.531867e+00,,
+1.531867e+00,,
+1.547867e+00,,
+1.515867e+00,,
+1.504400e+00,,
+1.522800e+00,,
+1.509067e+00,,
+1.509067e+00,,
+1.506667e+00,,
+1.497600e+00,,
+1.502133e+00,,
+1.486133e+00,,
+1.483867e+00,,
+1.476933e+00,,
+1.479333e+00,,
+1.463333e+00,,
+1.479333e+00,,
+1.458667e+00,,
+1.458667e+00,,
+1.463333e+00,,
+1.470133e+00,,
+1.454133e+00,,
+1.451867e+00,,
+1.435867e+00,,
+1.438133e+00,,
+1.419867e+00,,
+1.447200e+00,,
+1.433467e+00,,
+1.433467e+00,,
+1.408400e+00,,
+1.426667e+00,,
+1.408400e+00,,
+1.406133e+00,,
+1.406133e+00,,
+1.403733e+00,,
+1.394667e+00,,
+1.396933e+00,,
+1.390133e+00,,
+1.390133e+00,,
+1.362667e+00,,
+1.385467e+00,,
+1.367200e+00,,
+1.367200e+00,,
+1.367200e+00,,
+1.369467e+00,,
+1.362667e+00,,
+1.342000e+00,,
+1.339733e+00,,
+1.358000e+00,,
+1.326000e+00,,
+1.346667e+00,,
+1.339733e+00,,
+1.337467e+00,,
+1.319200e+00,,
+1.321467e+00,,
+1.305467e+00,,
+1.316933e+00,,
+1.310000e+00,,
+1.303200e+00,,
+1.291733e+00,,
+1.298533e+00,,
+1.287067e+00,,
+1.294000e+00,,
+1.282533e+00,,
+1.280267e+00,,
+1.271067e+00,,
+1.287067e+00,,
+1.257333e+00,,
+1.259733e+00,,
+1.243733e+00,,
+1.268800e+00,,
+1.243733e+00,,
+1.266533e+00,,
+1.223067e+00,,
+1.243733e+00,,
+1.234533e+00,,
+1.234533e+00,,
+1.223067e+00,,
+1.232267e+00,,
+1.218533e+00,,
+1.216267e+00,,
+1.211600e+00,,
+1.209333e+00,,
+1.207067e+00,,
+1.211600e+00,,
+1.200267e+00,,
+1.202533e+00,,
+1.200267e+00,,
+1.200267e+00,,
+1.179600e+00,,
+1.188800e+00,,
+1.172800e+00,,
+1.170533e+00,,
+1.165867e+00,,
+1.165867e+00,,
+1.147600e+00,,
+1.159067e+00,,
+1.138400e+00,,
+1.147600e+00,,
+1.145333e+00,,
+1.129333e+00,,
+1.131600e+00,,
+1.127067e+00,,
+1.129333e+00,,
+1.127067e+00,,
+1.110933e+00,,
+1.124667e+00,,
+1.090400e+00,,
+1.115600e+00,,
+1.101867e+00,,
+1.117867e+00,,
+1.097333e+00,,
+1.083600e+00,,
+1.090400e+00,,
+1.085867e+00,,
+1.058400e+00,,
+1.081200e+00,,
+1.065200e+00,,
+1.065200e+00,,
+1.058400e+00,,
+1.069867e+00,,
+1.037733e+00,,
+1.056133e+00,,
+1.030933e+00,,
+1.037733e+00,,
+1.030933e+00,,
+1.044667e+00,,
+1.024133e+00,,
+1.030933e+00,,
+1.012667e+00,,
+1.024133e+00,,
+1.010400e+00,,
+1.008000e+00,,
+1.003467e+00,,
+1.008000e+00,,
+9.989333e-01,,
+1.010400e+00,,
+9.737334e-01,,
+9.897333e-01,,
+9.829333e-01,,
+9.829333e-01,,
+9.622667e-01,,
+9.852000e-01,,
+9.532000e-01,,
+9.509333e-01,,
+9.554667e-01,,
+9.532000e-01,,
+9.394667e-01,,
+9.485334e-01,,
+9.394667e-01,,
+9.485334e-01,,
+9.188000e-01,,
+9.165334e-01,,
+9.257333e-01,,
+9.234667e-01,,
+9.210667e-01,,
+9.210667e-01,,
+9.028000e-01,,
+9.097334e-01,,
+8.982667e-01,,
+9.074667e-01,,
+8.868000e-01,,
+8.890667e-01,,
+8.777333e-01,,
+8.822667e-01,,
+8.685333e-01,,
+8.708000e-01,,
+8.640000e-01,,
+8.662667e-01,,
+8.548000e-01,,
+8.593333e-01,,
+8.478667e-01,,
+8.456000e-01,,
+8.273333e-01,,
+8.433334e-01,,
+8.181334e-01,,
+8.296000e-01,,
+8.296000e-01,,
+8.250667e-01,,
+8.113334e-01,,
+8.158666e-01,,
+8.113334e-01,,
+8.090667e-01,,
+7.908000e-01,,
+7.976000e-01,,
+7.908000e-01,,
+7.884000e-01,,
+7.770666e-01,,
+7.861333e-01,,
+7.746667e-01,,
+7.746667e-01,,
+7.656000e-01,,
+7.701333e-01,,
+7.633333e-01,,
+7.633333e-01,,
+7.656000e-01,,
+7.518667e-01,,
+7.496000e-01,,
+7.358667e-01,,
+7.266667e-01,,
+7.496000e-01,,
+7.244000e-01,,
+7.358667e-01,,
+7.152000e-01,,
+7.176000e-01,,
+7.106667e-01,,
+7.129334e-01,,
+7.014667e-01,,
+7.084000e-01,,
+6.946667e-01,,
+6.992000e-01,,
+6.854666e-01,,
+6.809334e-01,,
+6.717333e-01,,
+6.741334e-01,,
+6.717333e-01,,
+6.557333e-01,,
+6.649333e-01,,
+6.694667e-01,,
+6.512000e-01,,
+6.694667e-01,,
+6.444000e-01,,
+6.672000e-01,,
+6.260000e-01,,
+6.397333e-01,,
+6.282667e-01,,
+6.466666e-01,,
+6.077334e-01,,
+6.192000e-01,,
+6.192000e-01,,
+6.169333e-01,,
+6.077334e-01,,
+6.100000e-01,,
+5.985333e-01,,
+6.009333e-01,,
+5.849333e-01,,
+5.962667e-01,,
+5.802667e-01,,
+5.825334e-01,,
+5.734667e-01,,
+5.734667e-01,,
+5.665333e-01,,
+5.894667e-01,,
+5.550666e-01,,
+5.550666e-01,,
+5.620000e-01,,
+5.642667e-01,,
+5.390667e-01,,
+5.550666e-01,,
+5.482666e-01,,
+5.437334e-01,,
+5.253333e-01,,
+5.437334e-01,,
+5.230667e-01,,
+5.208000e-01,,
+5.253333e-01,,
+5.230667e-01,,
+5.025333e-01,,
+5.140000e-01,,
+4.865333e-01,,
+5.025333e-01,,
+4.865333e-01,,
+4.888000e-01,,
+4.750667e-01,,
+4.842667e-01,,
+4.682667e-01,,
+4.705333e-01,,
+4.682667e-01,,
+4.636000e-01,,
+4.521333e-01,,
+4.636000e-01,,
+4.408000e-01,,
+4.476000e-01,,
+4.385333e-01,,
+4.453333e-01,,
+4.338667e-01,,
+4.338667e-01,,
+4.156000e-01,,
+4.316000e-01,,
+4.201334e-01,,
+4.270667e-01,,
+4.018667e-01,,
+4.064000e-01,,
+3.858667e-01,,
+4.064000e-01,,
+3.973333e-01,,
+3.858667e-01,,
+3.813334e-01,,
+3.904000e-01,,
+3.721333e-01,,
+3.836000e-01,,
+3.584000e-01,,
+3.698667e-01,,
+3.446667e-01,,
+3.721333e-01,,
+3.538667e-01,,
+3.584000e-01,,
+3.492000e-01,,
+3.446667e-01,,
+3.286667e-01,,
+3.516000e-01,,
+3.241333e-01,,
+3.194667e-01,,
+3.034667e-01,,
+3.194667e-01,,
+3.126667e-01,,
+3.172000e-01,,
+2.989333e-01,,
+3.081333e-01,,
+2.852000e-01,,
+2.944000e-01,,
+2.852000e-01,,
+2.897334e-01,,
+2.737333e-01,,
+2.829333e-01,,
+2.714667e-01,,
+2.669333e-01,,
+2.577333e-01,,
+2.486667e-01,,
+2.372000e-01,,
+2.669333e-01,,
+2.394667e-01,,
+2.486667e-01,,
+2.440000e-01,,
+2.440000e-01,,
+2.280000e-01,,
+2.302667e-01,,
+2.189333e-01,,
+2.212000e-01,,
+2.165333e-01,,
+2.325333e-01,,
+2.052000e-01,,
+2.120000e-01,,
+1.937333e-01,,
+2.028000e-01,,
+1.890667e-01,,
+1.937333e-01,,
+1.777333e-01,,
+1.914667e-01,,
+1.730667e-01,,
+1.730667e-01,,
+1.570667e-01,,
+1.640000e-01,,
+1.502667e-01,,
+1.480000e-01,,
+1.502667e-01,,
+1.617333e-01,,
+1.388000e-01,,
+1.388000e-01,,
+1.273333e-01,,
+1.388000e-01,,
+1.250667e-01,,
+1.273333e-01,,
+1.090667e-01,,
+1.250667e-01,,
+1.136000e-01,,
+1.113333e-01,,
+9.760000e-02,,
+1.045333e-01,,
+1.113333e-01,,
+9.760000e-02,,
+8.613333e-02,,
+8.853333e-02,,
+7.706667e-02,,
+7.933334e-02,,
+5.640000e-02,,
+7.480000e-02,,
+5.413333e-02,,
+8.613333e-02,,
+5.640000e-02,,
+5.880000e-02,,
+2.906667e-02,,
+4.733333e-02,,
+4.506667e-02,,
+3.360000e-02,,
+2.906667e-02,,
+2.440000e-02,,
+8.400000e-03,,
+2.440000e-02,,
+6.133333e-03,,
+2.213333e-02,,
-7.600000e-03,,
+1.600000e-03,,
-6.666667e-04,,
+1.600000e-03,,
-2.133333e-02,,
-9.866667e-03,,
-2.133333e-02,,
-2.360000e-02,,
-3.280000e-02,,
-3.053333e-02,,
-5.106667e-02,,
-3.280000e-02,,
-5.106667e-02,,
-4.186667e-02,,
-6.933334e-02,,
-5.786667e-02,,
-6.706667e-02,,
-5.560000e-02,,
-7.853334e-02,,
-8.306666e-02,,
-9.226667e-02,,
-7.853334e-02,,
-1.013333e-01,,
-7.853334e-02,,
-1.037333e-01,,
-8.760000e-02,,
-1.082667e-01,,
-1.060000e-01,,
-1.105333e-01,,
-1.173333e-01,,
-1.242667e-01,,
-1.334667e-01,,
-1.357333e-01,,
-1.173333e-01,,
-1.380000e-01,,
-1.288000e-01,,
-1.448000e-01,,
-1.334667e-01,,
-1.562667e-01,,
-1.357333e-01,,
-1.654667e-01,,
-1.654667e-01,,
-1.722667e-01,,
-1.677333e-01,,
-1.700000e-01,,
-1.745333e-01,,
-1.905333e-01,,
-1.814667e-01,,
-1.929333e-01,,
-1.997333e-01,,
-1.952000e-01,,
-1.837333e-01,,
-2.020000e-01,,
-1.952000e-01,,
-2.089333e-01,,
-2.112000e-01,,
-2.180000e-01,,
-2.066667e-01,,
-2.180000e-01,,
-2.272000e-01,,
-2.272000e-01,,
-2.340000e-01,,
-2.524000e-01,,
-2.477333e-01,,
-2.684000e-01,,
-2.524000e-01,,
-2.637333e-01,,
-2.454667e-01,,
-2.684000e-01,,
-2.477333e-01,,
-2.729333e-01,,
-2.821333e-01,,
-2.934667e-01,,
-2.706667e-01,,
-3.004000e-01,,
-2.706667e-01,,
-2.912000e-01,,
-2.889333e-01,,
-3.118667e-01,,
-3.141333e-01,,
-3.209333e-01,,
-3.164000e-01,,
-3.416000e-01,,
-3.186667e-01,,
-3.209333e-01,,
-3.209333e-01,,
-3.416000e-01,,
-3.369333e-01,,
-3.553333e-01,,
-3.369333e-01,,
-3.644000e-01,,
-3.576000e-01,,
-3.598667e-01,,
-3.553333e-01,,
-3.758667e-01,,
-3.644000e-01,,
-3.896000e-01,,
-3.736000e-01,,
-3.781333e-01,,
-3.781333e-01,,
-4.010667e-01,,
-3.988000e-01,,
-3.965333e-01,,
-3.941333e-01,,
-4.216000e-01,,
-4.148000e-01,,
-4.330667e-01,,
-4.170667e-01,,
-4.513333e-01,,
-4.170667e-01,,
-4.376000e-01,,
-4.445333e-01,,
-4.445333e-01,,
-4.353333e-01,,
-4.673333e-01,,
-4.445333e-01,,
-4.628000e-01,,
-4.560000e-01,,
-4.788000e-01,,
-4.650667e-01,,
-4.720000e-01,,
-4.673333e-01,,
-4.970667e-01,,
-4.720000e-01,,
-4.925333e-01,,
-4.948000e-01,,
-5.085334e-01,,
-4.994667e-01,,
-5.130666e-01,,
-5.108000e-01,,
-5.130666e-01,,
-5.040000e-01,,
-5.292000e-01,,
-5.292000e-01,,
-5.452000e-01,,
-5.382667e-01,,
-5.474667e-01,,
-5.382667e-01,,
-5.542667e-01,,
-5.452000e-01,,
-5.589333e-01,,
-5.429333e-01,,
-5.657333e-01,,
-5.680000e-01,,
-5.817333e-01,,
-5.726666e-01,,
-5.909333e-01,,
-5.840000e-01,,
-5.932000e-01,,
-5.909333e-01,,
-6.114666e-01,,
-5.932000e-01,,
-6.137334e-01,,
-6.000000e-01,,
-6.229333e-01,,
-6.046667e-01,,
-6.366667e-01,,
-6.184000e-01,,
-6.344000e-01,,
-6.297333e-01,,
-6.458667e-01,,
-6.366667e-01,,
-6.481333e-01,,
-6.434667e-01,,
-6.709334e-01,,
-6.504000e-01,,
-6.641334e-01,,
-6.458667e-01,,
-6.824000e-01,,
-6.618667e-01,,
-6.709334e-01,,
-6.756000e-01,,
-6.916000e-01,,
-6.869333e-01,,
-7.029333e-01,,
-6.824000e-01,,
-7.076000e-01,,
-7.029333e-01,,
-7.076000e-01,,
-7.006667e-01,,
-7.281333e-01,,
-7.144000e-01,,
-7.190667e-01,,
-7.144000e-01,,
-7.578667e-01,,
-7.326667e-01,,
-7.510667e-01,,
-7.373334e-01,,
-7.578667e-01,,
-7.488000e-01,,
-7.601333e-01,,
-7.578667e-01,,
-7.648000e-01,,
-7.556000e-01,,
-7.738667e-01,,
-7.716000e-01,,
-7.830667e-01,,
-7.830667e-01,,
-8.013334e-01,,
-7.853333e-01,,
-8.036000e-01,,
-7.968000e-01,,
-8.128000e-01,,
-8.105333e-01,,
-8.220000e-01,,
-8.058667e-01,,
-8.265333e-01,,
-8.402667e-01,,
-8.288000e-01,,
-8.173333e-01,,
-8.357334e-01,,
-8.402667e-01,,
-8.562667e-01,,
-8.333333e-01,,
-8.470667e-01,,
-8.517333e-01,,
-8.630667e-01,,
-8.608000e-01,,
-8.630667e-01,,
-8.700000e-01,,
-8.837333e-01,,
-8.928000e-01,,
-8.790667e-01,,
-8.882667e-01,,
-9.112000e-01,,
-8.905333e-01,,
-9.157333e-01,,
-8.974667e-01,,
-9.249333e-01,,
-9.157333e-01,,
-9.340000e-01,,
-9.294667e-01,,
-9.272000e-01,,
-9.249333e-01,,
-9.409333e-01,,
-9.362667e-01,,
-9.477333e-01,,
-9.432000e-01,,
-9.614667e-01,,
-9.569333e-01,,
-9.614667e-01,,
-9.477333e-01,,
-9.706667e-01,,
-9.569333e-01,,
-9.752000e-01,,
-9.821333e-01,,
-9.774667e-01,,
-9.889333e-01,,
-1.007200e+00,,
-9.957333e-01,,
-9.981334e-01,,
-9.981334e-01,,
-1.014133e+00,,
-1.007200e+00,,
-9.981334e-01,,
-1.002667e+00,,
-1.018667e+00,,
-1.016400e+00,,
-1.023200e+00,,
-1.036933e+00,,
-1.034667e+00,,
-1.034667e+00,,
-1.041600e+00,,
-1.039200e+00,,
-1.059867e+00,,
-1.059867e+00,,
-1.071333e+00,,
-1.057600e+00,,
-1.082667e+00,,
-1.066667e+00,,
-1.068933e+00,,
-1.080400e+00,,
-1.085067e+00,,
-1.075867e+00,,
-1.101067e+00,,
-1.082667e+00,,
-1.114800e+00,,
-1.101067e+00,,
-1.107867e+00,,
-1.114800e+00,,
-1.123867e+00,,
-1.096400e+00,,
-1.126133e+00,,
-1.128533e+00,,
-1.137600e+00,,
-1.121600e+00,,
-1.142133e+00,,
-1.126133e+00,,
-1.151333e+00,,
-1.146800e+00,,
-1.146800e+00,,
-1.153600e+00,,
-1.169600e+00,,
-1.151333e+00,,
-1.174267e+00,,
-1.167333e+00,,
-1.185600e+00,,
-1.176533e+00,,
-1.197067e+00,,
-1.190267e+00,,
-1.206267e+00,,
-1.190267e+00,,
-1.213067e+00,,
-1.190267e+00,,
-1.208533e+00,,
-1.217733e+00,,
-1.236000e+00,,
-1.213067e+00,,
-1.240533e+00,,
-1.226800e+00,,
-1.238267e+00,,
-1.224533e+00,,
-1.249733e+00,,
-1.229067e+00,,
-1.254267e+00,,
-1.254267e+00,,
-1.272533e+00,,
-1.252000e+00,,
-1.288533e+00,,
-1.265733e+00,,
-1.290933e+00,,
-1.277200e+00,,
-1.290933e+00,,
-1.277200e+00,,
-1.286267e+00,,
-1.295467e+00,,
-1.302267e+00,,
-1.300000e+00,,
-1.316000e+00,,
-1.313733e+00,,
-1.325200e+00,,
-1.309200e+00,,
-1.318267e+00,,
-1.313733e+00,,
-1.329733e+00,,
-1.329733e+00,,
-1.354933e+00,,
-1.345733e+00,,
-1.352667e+00,,
-1.343467e+00,,
-1.352667e+00,,
-1.348133e+00,,
-1.384667e+00,,
-1.348133e+00,,
-1.373200e+00,,
-1.364133e+00,,
-1.389200e+00,,
-1.386933e+00,,
-1.402933e+00,,
-1.382400e+00,,
-1.400667e+00,,
-1.398400e+00,,
-1.412133e+00,,
-1.400667e+00,,
-1.414400e+00,,
-1.412133e+00,,
-1.428133e+00,,
-1.412133e+00,,
-1.439600e+00,,
-1.434933e+00,,
-1.446400e+00,,
-1.444133e+00,,
-1.453333e+00,,
-1.444133e+00,,
-1.462400e+00,,
-1.444133e+00,,
-1.473867e+00,,
-1.455600e+00,,
-1.471600e+00,,
-1.457867e+00,,
-1.478400e+00,,
-1.476133e+00,,
-1.483067e+00,,
-1.489867e+00,,
-1.501333e+00,,
-1.489867e+00,,
-1.503600e+00,,
-1.494533e+00,,
-1.521867e+00,,
-1.517333e+00,,
-1.528800e+00,,
-1.512800e+00,,
-1.528800e+00,,
-1.526533e+00,,
-1.542533e+00,,
-1.528800e+00,,
-1.540267e+00,,
-1.540267e+00,,
-1.563067e+00,,
-1.556267e+00,,
-1.565333e+00,,
-1.556267e+00,,
-1.576800e+00,,
-1.560800e+00,,
-1.565333e+00,,
-1.574533e+00,,
-1.583733e+00,,
-1.588267e+00,,
-1.595067e+00,,
-1.590533e+00,,
-1.590533e+00,,
-1.590533e+00,,
-1.622533e+00,,
-1.595067e+00,,
-1.615733e+00,,
-1.602000e+00,,
-1.615733e+00,,
-1.622533e+00,,
-1.634000e+00,,
-1.622533e+00,,
-1.638533e+00,,
-1.638533e+00,,
-1.645467e+00,,
-1.638533e+00,,
-1.668267e+00,,
-1.643200e+00,,
-1.659200e+00,,
-1.650000e+00,,
-1.682000e+00,,
-1.666000e+00,,
-1.682000e+00,,
-1.668267e+00,,
-1.691200e+00,,
-1.682000e+00,,
-1.704933e+00,,
-1.682000e+00,,
-1.714133e+00,,
-1.704933e+00,,
-1.720933e+00,,
-1.698000e+00,,
-1.732400e+00,,
-1.716400e+00,,
-1.730133e+00,,
-1.725467e+00,,
-1.739200e+00,,
-1.732400e+00,,
-1.750667e+00,,
-1.725467e+00,,
-1.752933e+00,,
-1.752933e+00,,
-1.768933e+00,,
-1.755200e+00,,
-1.762133e+00,,
-1.757467e+00,,
-1.771200e+00,,
-1.768933e+00,,
-1.775867e+00,,
-1.778133e+00,,
-1.782667e+00,,
-1.771200e+00,,
-1.805600e+00,,
-1.796400e+00,,
-1.803333e+00,,
-1.800933e+00,,
-1.803333e+00,,
-1.810133e+00,,
-1.819333e+00,,
-1.810133e+00,,
-1.842133e+00,,
-1.819333e+00,,
-1.846800e+00,,
-1.823867e+00,,
-1.849067e+00,,
-1.833067e+00,,
-1.855867e+00,,
-1.849067e+00,,
-1.865067e+00,,
-1.862800e+00,,
-1.869600e+00,,
-1.867333e+00,,
-1.874133e+00,,
-1.881067e+00,,
-1.887867e+00,,
-1.876533e+00,,
-1.894800e+00,,
-1.883333e+00,,
-1.899333e+00,,
-1.890267e+00,,
-1.903867e+00,,
-1.920000e+00,,
-1.908533e+00,,
-1.897067e+00,,
-1.922267e+00,,
-1.920000e+00,,
-1.929067e+00,,
-1.926800e+00,,
-1.926800e+00,,
-1.924533e+00,,
-1.961067e+00,,
-1.942800e+00,,
-1.963467e+00,,
-1.956533e+00,,
-1.968000e+00,,
-1.947333e+00,,
-1.979467e+00,,
-1.970267e+00,,
-1.988533e+00,,
-1.981733e+00,,
-2.002267e+00,,
-1.995467e+00,,
-2.013733e+00,,
-1.986267e+00,,
-2.022933e+00,,
-2.004533e+00,,
-2.013733e+00,,
-2.009200e+00,,
-2.016000e+00,,
-2.011467e+00,,
-2.034267e+00,,
-2.011467e+00,,
-2.052667e+00,,
-2.032000e+00,,
-2.057200e+00,,
-2.036667e+00,,
-2.068667e+00,,
-2.050267e+00,,
-2.066400e+00,,
-2.052667e+00,,
-2.070933e+00,,
-2.075467e+00,,
-2.098400e+00,,
-2.082400e+00,,
-2.091467e+00,,
-2.077733e+00,,
-2.091467e+00,,
-2.086933e+00,,
-2.121200e+00,,
-2.089200e+00,,
-2.102933e+00,,
-2.100667e+00,,
-2.132667e+00,,
-2.121200e+00,,
-2.132667e+00,,
-2.116667e+00,,
-2.144133e+00,,
-2.116667e+00,,
-2.148667e+00,,
-2.137200e+00,,
-2.148667e+00,,
-2.150933e+00,,
-2.166933e+00,,
-2.157867e+00,,
-2.160133e+00,,
-2.160133e+00,,
-2.180667e+00,,
-2.153333e+00,,
-2.178400e+00,,
-2.178400e+00,,
-2.201333e+00,,
-2.178400e+00,,
-2.196667e+00,,
-2.192133e+00,,
-2.201333e+00,,
-2.192133e+00,,
-2.224133e+00,,
-2.208133e+00,,
-2.217333e+00,,
-2.224133e+00,,
-2.247067e+00,,
-2.228800e+00,,
-2.251600e+00,,
-2.237867e+00,,
-2.253867e+00,,
-2.247067e+00,,
-2.258533e+00,,
-2.235600e+00,,
-2.265333e+00,,
-2.247067e+00,,
-2.279067e+00,,
-2.267600e+00,,
-2.281333e+00,,
-2.274533e+00,,
-2.292800e+00,,
-2.306533e+00,,
-2.295067e+00,,
-2.283600e+00,,
-2.304267e+00,,
-2.288267e+00,,
-2.315733e+00,,
-2.302000e+00,,
-2.322533e+00,,
-2.311067e+00,,
-2.334000e+00,,
-2.336267e+00,,
-2.350000e+00,,
-2.331733e+00,,
-2.350000e+00,,
-2.347733e+00,,
-2.361467e+00,,
-2.329467e+00,,
-2.352267e+00,,
-2.361467e+00,,
-2.372933e+00,,
-2.361467e+00,,
-2.382000e+00,,
-2.372933e+00,,
-2.375200e+00,,
-2.375200e+00,,
-2.388933e+00,,
-2.384267e+00,,
-2.398000e+00,,
-2.402667e+00,,
-2.407200e+00,,
-2.404933e+00,,
-2.425467e+00,,
-2.414000e+00,,
-2.434667e+00,,
-2.418667e+00,,
-2.423200e+00,,
-2.425467e+00,,
-2.436933e+00,,
-2.430000e+00,,
-2.446133e+00,,
-2.452933e+00,,
-2.459733e+00,,
-2.450667e+00,,
-2.464400e+00,,
-2.457467e+00,,
-2.471200e+00,,
-2.459733e+00,,
-2.496400e+00,,
-2.473467e+00,,
-2.494133e+00,,
-2.480400e+00,,
-2.491867e+00,,
-2.482667e+00,,
-2.514667e+00,,
-2.491867e+00,,
-2.505600e+00,,
-2.516933e+00,,
-2.523867e+00,,
-2.510133e+00,,
-2.528400e+00,,
-2.530667e+00,,
-2.555867e+00,,
-2.526133e+00,,
-2.544400e+00,,
-2.542133e+00,,
-2.567333e+00,,
-2.530667e+00,,
-2.544400e+00,,
-2.519333e+00,,
-2.528400e+00,,
-2.528400e+00,,
-2.532933e+00,,
-2.514667e+00,,
-2.532933e+00,,
-2.498667e+00,,
-2.510133e+00,,
-2.496400e+00,,
-2.500933e+00,,
-2.496400e+00,,
-2.482667e+00,,
-2.478133e+00,,
-2.484933e+00,,
-2.462133e+00,,
-2.473467e+00,,
-2.471200e+00,,
-2.480400e+00,,
-2.452933e+00,,
-2.457467e+00,,
-2.441467e+00,,
-2.452933e+00,,
-2.432400e+00,,
-2.441467e+00,,
-2.427733e+00,,
-2.446133e+00,,
-2.427733e+00,,
-2.434667e+00,,
-2.402667e+00,,
-2.427733e+00,,
-2.420933e+00,,
-2.411733e+00,,
-2.398000e+00,,
-2.411733e+00,,
-2.384267e+00,,
-2.391200e+00,,
-2.393467e+00,,
-2.391200e+00,,
-2.382000e+00,,
-2.377467e+00,,
-2.368267e+00,,
-2.375200e+00,,
-2.356800e+00,,
-2.370533e+00,,
-2.350000e+00,,
-2.350000e+00,,
-2.336267e+00,,
-2.356800e+00,,
-2.331733e+00,,
-2.350000e+00,,
-2.336267e+00,,
-2.340800e+00,,
-2.320267e+00,,
-2.327067e+00,,
-2.308800e+00,,
-2.324800e+00,,
-2.297333e+00,,
-2.311067e+00,,
-2.299733e+00,,
-2.304267e+00,,
-2.281333e+00,,
-2.304267e+00,,
-2.281333e+00,,
-2.290533e+00,,
-2.263067e+00,,
-2.276800e+00,,
-2.272267e+00,,
-2.281333e+00,,
-2.240133e+00,,
-2.263067e+00,,
-2.249333e+00,,
-2.251600e+00,,
-2.231067e+00,,
-2.251600e+00,,
-2.231067e+00,,
-2.242533e+00,,
-2.219600e+00,,
-2.231067e+00,,
-2.217333e+00,,
-2.228800e+00,,
-2.194400e+00,,
-2.208133e+00,,
-2.203600e+00,,
-2.205867e+00,,
-2.189867e+00,,
-2.194400e+00,,
-2.166933e+00,,
-2.194400e+00,,
-2.173867e+00,,
-2.173867e+00,,
-2.157867e+00,,
-2.180667e+00,,
-2.155600e+00,,
-2.155600e+00,,
-2.155600e+00,,
-2.166933e+00,,
-2.150933e+00,,
-2.150933e+00,,
-2.139600e+00,,
-2.139600e+00,,
-2.134933e+00,,
-2.144133e+00,,
-2.123467e+00,,
-2.118933e+00,,
-2.105200e+00,,
-2.107467e+00,,
-2.105200e+00,,
-2.114400e+00,,
-2.109867e+00,,
-2.109867e+00,,
-2.084667e+00,,
-2.102933e+00,,
-2.086933e+00,,
-2.082400e+00,,
-2.066400e+00,,
-2.086933e+00,,
-2.075467e+00,,
-2.082400e+00,,
-2.066400e+00,,
-2.073200e+00,,
-2.054933e+00,,
-2.057200e+00,,
-2.029733e+00,,
-2.041200e+00,,
-2.032000e+00,,
-2.048000e+00,,
-2.032000e+00,,
-2.029733e+00,,
-2.016000e+00,,
-2.025200e+00,,
-2.011467e+00,,
-2.029733e+00,,
-2.004533e+00,,
-2.009200e+00,,
-1.997733e+00,,
-1.997733e+00,,
-1.990800e+00,,
-1.997733e+00,,
-1.981733e+00,,
-1.979467e+00,,
-1.972533e+00,,
-1.974800e+00,,
-1.972533e+00,,
-1.972533e+00,,
-1.954267e+00,,
-1.968000e+00,,
-1.952000e+00,,
-1.952000e+00,,
-1.931333e+00,,
-1.954267e+00,,
-1.936000e+00,,
-1.933733e+00,,
-1.920000e+00,,
-1.924533e+00,,
-1.906267e+00,,
-1.929067e+00,,
-1.913067e+00,,
-1.913067e+00,,
-1.913067e+00,,
-1.908533e+00,,
-1.897067e+00,,
-1.899333e+00,,
-1.883333e+00,,
-1.883333e+00,,
-1.876533e+00,,
-1.871867e+00,,
-1.867333e+00,,
-1.885600e+00,,
-1.855867e+00,,
-1.865067e+00,,
-1.858133e+00,,
-1.851333e+00,,
-1.851333e+00,,
-1.849067e+00,,
-1.839867e+00,,
-1.855867e+00,,
-1.837600e+00,,
-1.835333e+00,,
-1.821600e+00,,
-1.828400e+00,,
-1.817067e+00,,
-1.812400e+00,,
-1.810133e+00,,
-1.812400e+00,,
-1.791867e+00,,
-1.796400e+00,,
-1.787333e+00,,
-1.800933e+00,,
-1.778133e+00,,
-1.789600e+00,,
-1.782667e+00,,
-1.787333e+00,,
-1.755200e+00,,
-1.773600e+00,,
-1.750667e+00,,
-1.759867e+00,,
-1.750667e+00,,
-1.755200e+00,,
-1.736933e+00,,
-1.750667e+00,,
-1.736933e+00,,
-1.739200e+00,,
-1.720933e+00,,
-1.736933e+00,,
-1.711733e+00,,
-1.714133e+00,,
-1.714133e+00,,
-1.732400e+00,,
-1.691200e+00,,
-1.704933e+00,,
-1.695733e+00,,
-1.698000e+00,,
-1.677467e+00,,
-1.684267e+00,,
-1.666000e+00,,
-1.672933e+00,,
-1.663733e+00,,
-1.677467e+00,,
-1.661467e+00,,
-1.659200e+00,,
-1.652267e+00,,
-1.661467e+00,,
-1.652267e+00,,
-1.645467e+00,,
-1.613467e+00,,
-1.636267e+00,,
-1.620267e+00,,
-1.629467e+00,,
-1.615733e+00,,
-1.631733e+00,,
-1.606533e+00,,
-1.615733e+00,,
-1.608800e+00,,
-1.599733e+00,,
-1.590533e+00,,
-1.588267e+00,,
-1.576800e+00,,
-1.588267e+00,,
-1.581333e+00,,
-1.588267e+00,,
-1.579067e+00,,
-1.576800e+00,,
-1.556267e+00,,
-1.579067e+00,,
-1.558533e+00,,
-1.549333e+00,,
-1.535600e+00,,
-1.554000e+00,,
-1.542533e+00,,
-1.535600e+00,,
-1.531067e+00,,
-1.542533e+00,,
-1.524267e+00,,
-1.531067e+00,,
-1.505867e+00,,
-1.524267e+00,,
-1.503600e+00,,
-1.515067e+00,,
-1.494533e+00,,
-1.508133e+00,,
-1.478400e+00,,
-1.503600e+00,,
-1.487600e+00,,
-1.480800e+00,,
-1.462400e+00,,
-1.476133e+00,,
-1.480800e+00,,
-1.471600e+00,,
-1.467067e+00,,
-1.469333e+00,,
-1.444133e+00,,
-1.446400e+00,,
-1.444133e+00,,
-1.457867e+00,,
-1.423600e+00,,
-1.432667e+00,,
-1.428133e+00,,
-1.434933e+00,,
-1.416667e+00,,
-1.418933e+00,,
-1.393867e+00,,
-1.414400e+00,,
-1.398400e+00,,
-1.405200e+00,,
-1.375467e+00,,
-1.393867e+00,,
-1.382400e+00,,
-1.400667e+00,,
-1.375467e+00,,
-1.391467e+00,,
-1.361733e+00,,
-1.377867e+00,,
-1.348133e+00,,
-1.366400e+00,,
-1.357200e+00,,
-1.359467e+00,,
-1.336667e+00,,
-1.359467e+00,,
-1.334400e+00,,
-1.354933e+00,,
-1.325200e+00,,
-1.334400e+00,,
-1.327467e+00,,
-1.336667e+00,,
-1.313733e+00,,
-1.327467e+00,,
-1.293200e+00,,
-1.304667e+00,,
-1.295467e+00,,
-1.311467e+00,,
-1.281733e+00,,
-1.293200e+00,,
-1.284000e+00,,
-1.293200e+00,,
-1.270267e+00,,
-1.295467e+00,,
-1.277200e+00,,
-1.279467e+00,,
-1.258800e+00,,
-1.261200e+00,,
-1.249733e+00,,
-1.272533e+00,,
-1.238267e+00,,
-1.249733e+00,,
-1.236000e+00,,
-1.247467e+00,,
-1.220000e+00,,
-1.236000e+00,,
-1.215333e+00,,
-1.224533e+00,,
-1.206267e+00,,
-1.213067e+00,,
-1.213067e+00,,
-1.213067e+00,,
-1.201733e+00,,
-1.210800e+00,,
-1.185600e+00,,
-1.194800e+00,,
-1.169600e+00,,
-1.181067e+00,,
-1.167333e+00,,
-1.181067e+00,,
-1.160533e+00,,
-1.176533e+00,,
-1.155867e+00,,
-1.158267e+00,,
-1.151333e+00,,
-1.155867e+00,,
-1.139867e+00,,
-1.146800e+00,,
-1.117067e+00,,
-1.146800e+00,,
-1.128533e+00,,
-1.128533e+00,,
-1.117067e+00,,
-1.128533e+00,,
-1.105600e+00,,
-1.114800e+00,,
-1.101067e+00,,
-1.103333e+00,,
-1.096400e+00,,
-1.094133e+00,,
-1.094133e+00,,
-1.091867e+00,,
-1.066667e+00,,
-1.080400e+00,,
-1.068933e+00,,
-1.073600e+00,,
-1.050667e+00,,
-1.066667e+00,,
-1.068933e+00,,
-1.068933e+00,,
-1.032400e+00,,
-1.036933e+00,,
-1.018667e+00,,
-1.034667e+00,,
-1.027867e+00,,
-1.034667e+00,,
-1.016400e+00,,
-1.023200e+00,,
-1.014133e+00,,
-1.027867e+00,,
-1.004933e+00,,
-1.002667e+00,,
-9.866667e-01,,
-9.957333e-01,,
-1.002667e+00,,
-1.000400e+00,,
-9.912000e-01,,
-9.889333e-01,,
-9.706667e-01,,
-9.797333e-01,,
-9.592000e-01,,
-9.706667e-01,,
-9.432000e-01,,
-9.614667e-01,,
-9.569333e-01,,
-9.614667e-01,,
-9.409333e-01,,
-9.409333e-01,,
-9.362667e-01,,
-9.454667e-01,,
-9.272000e-01,,
-9.202667e-01,,
-9.202667e-01,,
-9.272000e-01,,
-9.134667e-01,,
-9.157333e-01,,
-8.974667e-01,,
-9.042667e-01,,
-8.974667e-01,,
-8.974667e-01,,
-8.905333e-01,,
-9.020000e-01,,
-8.837333e-01,,
-8.905333e-01,,
-8.677334e-01,,
-8.790667e-01,,
-8.745334e-01,,
-8.677334e-01,,
-8.562667e-01,,
-8.608000e-01,,
-8.425333e-01,,
-8.585333e-01,,
-8.380000e-01,,
-8.448000e-01,,
-8.220000e-01,,
-8.402667e-01,,
-8.220000e-01,,
-8.357334e-01,,
-8.173333e-01,,
-8.310667e-01,,
-8.058667e-01,,
-8.220000e-01,,
-7.853333e-01,,
-7.898667e-01,,
-7.876000e-01,,
-8.013334e-01,,
-7.808000e-01,,
-7.945334e-01,,
-7.761334e-01,,
-7.738667e-01,,
-7.648000e-01,,
-7.670667e-01,,
-7.533333e-01,,
-7.648000e-01,,
-7.441334e-01,,
-7.441334e-01,,
-7.488000e-01,,
-7.464000e-01,,
-7.258667e-01,,
-7.373334e-01,,
-7.213333e-01,,
-7.258667e-01,,
-7.144000e-01,,
-7.190667e-01,,
-7.053334e-01,,
-6.961333e-01,,
-6.938667e-01,,
-6.984000e-01,,
-6.824000e-01,,
-6.938667e-01,,
-6.846667e-01,,
-6.869333e-01,,
-6.641334e-01,,
-6.686667e-01,,
-6.594667e-01,,
-6.824000e-01,,
-6.618667e-01,,
-6.732000e-01,,
-6.434667e-01,,
-6.686667e-01,,
-6.412000e-01,,
-6.412000e-01,,
-6.297333e-01,,
-6.389334e-01,,
-6.297333e-01,,
-6.274667e-01,,
-6.206667e-01,,
-6.229333e-01,,
-6.024000e-01,,
-6.114666e-01,,
-6.046667e-01,,
-6.114666e-01,,
-5.749334e-01,,
-5.954667e-01,,
-5.772000e-01,,
-5.932000e-01,,
-5.680000e-01,,
-5.954667e-01,,
-5.657333e-01,,
-5.817333e-01,,
-5.680000e-01,,
-5.657333e-01,,
-5.520000e-01,,
-5.589333e-01,,
-5.452000e-01,,
-5.542667e-01,,
-5.382667e-01,,
-5.452000e-01,,
-5.337334e-01,,
-5.405334e-01,,
-5.200000e-01,,
-5.268000e-01,,
-5.040000e-01,,
-5.245333e-01,,
-5.062667e-01,,
-5.062667e-01,,
-4.970667e-01,,
-5.085334e-01,,
-4.880000e-01,,
-4.970667e-01,,
-4.880000e-01,,
-4.925333e-01,,
-4.720000e-01,,
-4.650667e-01,,
-4.673333e-01,,
-4.810667e-01,,
-4.513333e-01,,
-4.742667e-01,,
-4.490667e-01,,
-4.582667e-01,,
-4.330667e-01,,
-4.445333e-01,,
-4.216000e-01,,
-4.445333e-01,,
-4.216000e-01,,
-4.238667e-01,,
-4.285333e-01,,
-4.125333e-01,,
-4.056000e-01,,
-4.056000e-01,,
-4.125333e-01,,
-4.101333e-01,,
-3.988000e-01,,
-3.941333e-01,,
-3.873333e-01,,
-3.918667e-01,,
-3.758667e-01,,
-3.873333e-01,,
-3.804000e-01,,
-3.758667e-01,,
-3.644000e-01,,
-3.736000e-01,,
-3.621333e-01,,
-3.666667e-01,,
-3.530667e-01,,
-3.644000e-01,,
-3.438667e-01,,
-3.393333e-01,,
-3.209333e-01,,
-3.416000e-01,,
-3.256000e-01,,
-3.301333e-01,,
-3.256000e-01,,
-3.186667e-01,,
-3.049333e-01,,
-3.186667e-01,,
-2.934667e-01,,
-3.096000e-01,,
-2.798667e-01,,
-3.004000e-01,,
-2.798667e-01,,
-2.912000e-01,,
-2.752000e-01,,
-2.752000e-01,,
-2.569333e-01,,
-2.706667e-01,,
-2.546667e-01,,
-2.661333e-01,,
-2.477333e-01,,
-2.569333e-01,,
-2.569333e-01,,
-2.364000e-01,,
-2.317333e-01,,
-2.501333e-01,,
-2.180000e-01,,
-2.340000e-01,,
-2.226667e-01,,
-2.294667e-01,,
-2.089333e-01,,
-2.294667e-01,,
-2.020000e-01,,
-2.089333e-01,,
-2.020000e-01,,
-2.066667e-01,,
-1.792000e-01,,
-1.929333e-01,,
-1.792000e-01,,
-1.769333e-01,,
-1.517333e-01,,
-1.700000e-01,,
-1.608000e-01,,
-1.769333e-01,,
-1.470667e-01,,
-1.700000e-01,,
-1.517333e-01,,
-1.517333e-01,,
-1.402667e-01,,
-1.425333e-01,,
-1.242667e-01,,
-1.220000e-01,,
-1.173333e-01,,
-1.288000e-01,,
-1.128000e-01,,
-1.197333e-01,,
-1.128000e-01,,
-1.082667e-01,,
-9.906667e-02,,
-9.453333e-02,,
-9.906667e-02,,
-9.000000e-02,,
-8.306666e-02,,
-9.226667e-02,,
-5.786667e-02,,
-8.533333e-02,,
-5.786667e-02,,
-7.853334e-02,,
-5.560000e-02,,
-6.026667e-02,,
-4.186667e-02,,
-4.653334e-02,,
-3.733333e-02,,
-3.733333e-02,,
-1.213333e-02,,
-3.960000e-02,,
-1.440000e-02,,
-1.906667e-02,,
-3.066667e-03,,
-1.440000e-02,,
-5.333333e-03,,
-1.680000e-02,,
+1.066667e-02,,
-1.213333e-02,,
+1.760000e-02,,
+8.400000e-03,,
+1.986667e-02,,
+2.213333e-02,,
+4.040000e-02,,
+2.906667e-02,,
+4.733333e-02,,
+3.360000e-02,,
+4.733333e-02,,
+4.506667e-02,,
+5.880000e-02,,
+4.960000e-02,,
+5.880000e-02,,
+5.640000e-02,,
+5.880000e-02,,
+7.480000e-02,,
+8.613333e-02,,
+6.560000e-02,,
+9.306667e-02,,
+7.253333e-02,,
+9.306667e-02,,
+7.706667e-02,,
+1.113333e-01,,
+9.306667e-02,,
+9.760000e-02,,
+1.136000e-01,,
+1.250667e-01,,
+9.986667e-02,,
+1.158667e-01,,
+1.158667e-01,,
+1.342667e-01,,
+1.182667e-01,,
+1.410667e-01,,
+1.388000e-01,,
+1.593333e-01,,
+1.410667e-01,,
+1.617333e-01,,
+1.480000e-01,,
+1.593333e-01,,
+1.525333e-01,,
+1.708000e-01,,
+1.617333e-01,,
+1.822667e-01,,
+1.708000e-01,,
+1.914667e-01,,
+1.754667e-01,,
+1.982667e-01,,
+1.960000e-01,,
+2.097333e-01,,
+1.937333e-01,,
+2.189333e-01,,
+2.074667e-01,,
+2.120000e-01,,
+2.280000e-01,,
+2.234667e-01,,
+2.302667e-01,,
+2.372000e-01,,
+2.302667e-01,,
+2.257333e-01,,
+2.440000e-01,,
+2.394667e-01,,
+2.532000e-01,,
+2.532000e-01,,
+2.554667e-01,,
+2.692000e-01,,
+2.577333e-01,,
+2.784000e-01,,
+2.577333e-01,,
+2.806667e-01,,
+2.714667e-01,,
+2.852000e-01,,
+2.737333e-01,,
+2.966667e-01,,
+2.852000e-01,,
+3.034667e-01,,
+2.966667e-01,,
+3.172000e-01,,
+2.989333e-01,,
+3.126667e-01,,
+3.104000e-01,,
+3.286667e-01,,
+3.309333e-01,,
+3.401333e-01,,
+3.378667e-01,,
+3.492000e-01,,
+3.538667e-01,,
+3.606667e-01,,
+3.446667e-01,,
+3.516000e-01,,
+3.424000e-01,,
+3.516000e-01,,
+3.561333e-01,,
+3.766667e-01,,
+3.881333e-01,,
+3.926667e-01,,
+3.858667e-01,,
+4.018667e-01,,
+3.950667e-01,,
+3.996000e-01,,
+3.881333e-01,,
+4.133333e-01,,
+4.018667e-01,,
+4.178667e-01,,
+4.064000e-01,,
+4.385333e-01,,
+4.224000e-01,,
+4.476000e-01,,
+4.248000e-01,,
+4.316000e-01,,
+4.110667e-01,,
+4.521333e-01,,
+4.408000e-01,,
+4.613333e-01,,
+4.521333e-01,,
+4.705333e-01,,
+4.636000e-01,,
+4.682667e-01,,
+4.705333e-01,,
+4.865333e-01,,
+4.888000e-01,,
+4.910667e-01,,
+4.956000e-01,,
+4.933333e-01,,
+5.025333e-01,,
+5.048000e-01,,
+4.980000e-01,,
+5.048000e-01,,
+5.230667e-01,,
+5.230667e-01,,
+5.117334e-01,,
+5.322667e-01,,
+5.185333e-01,,
+5.300000e-01,,
+5.300000e-01,,
+5.437334e-01,,
+5.345333e-01,,
+5.597333e-01,,
+5.460000e-01,,
+5.597333e-01,,
+5.550666e-01,,
+5.620000e-01,,
+5.620000e-01,,
+5.872000e-01,,
+5.665333e-01,,
+5.825334e-01,,
+5.894667e-01,,
+6.077334e-01,,
+5.849333e-01,,
+6.032000e-01,,
+5.849333e-01,,
+6.146667e-01,,
+6.077334e-01,,
+6.260000e-01,,
+6.122667e-01,,
+6.282667e-01,,
+6.237333e-01,,
+6.374667e-01,,
+6.374667e-01,,
+6.444000e-01,,
+6.397333e-01,,
+6.489334e-01,,
+6.534667e-01,,
+6.694667e-01,,
+6.557333e-01,,
+6.741334e-01,,
+6.741334e-01,,
+6.854666e-01,,
+6.649333e-01,,
+6.854666e-01,,
+6.741334e-01,,
+6.924000e-01,,
+6.854666e-01,,
+7.061334e-01,,
+6.901333e-01,,
+6.969333e-01,,
+7.014667e-01,,
+7.244000e-01,,
+7.084000e-01,,
+7.129334e-01,,
+7.221333e-01,,
+7.336000e-01,,
+7.313333e-01,,
+7.313333e-01,,
+7.336000e-01,,
+7.426667e-01,,
+7.473333e-01,,
+7.518667e-01,,
+7.381334e-01,,
+7.586667e-01,,
+7.610667e-01,,
+7.770666e-01,,
+7.610667e-01,,
+7.861333e-01,,
+7.724000e-01,,
+7.930667e-01,,
+7.838667e-01,,
+8.021333e-01,,
+7.838667e-01,,
+8.021333e-01,,
+7.998667e-01,,
+8.136000e-01,,
+8.090667e-01,,
+8.228000e-01,,
+8.136000e-01,,
+8.365334e-01,,
+8.296000e-01,,
+8.365334e-01,,
+8.342667e-01,,
+8.433334e-01,,
+8.365334e-01,,
+8.548000e-01,,
+8.433334e-01,,
+8.593333e-01,,
+8.640000e-01,,
+8.730667e-01,,
+8.753334e-01,,
+8.730667e-01,,
+8.640000e-01,,
+8.777333e-01,,
+8.730667e-01,,
+9.050667e-01,,
+8.913333e-01,,
+9.074667e-01,,
+8.868000e-01,,
+9.028000e-01,,
+9.120000e-01,,
+9.074667e-01,,
+9.050667e-01,,
+9.302667e-01,,
+9.234667e-01,,
+9.372000e-01,,
+9.280000e-01,,
+9.600000e-01,,
+9.440000e-01,,
+9.554667e-01,,
+9.372000e-01,,
+9.645333e-01,,
+9.554667e-01,,
+9.554667e-01,,
+9.577333e-01,,
+9.692000e-01,,
+9.714667e-01,,
+9.874667e-01,,
+9.829333e-01,,
+9.989333e-01,,
+9.829333e-01,,
+9.942667e-01,,
+1.001200e+00,,
+1.003467e+00,,
+1.008000e+00,,
+1.017200e+00,,
+1.014933e+00,,
+1.019467e+00,,
+1.030933e+00,,
+1.024133e+00,,
+1.021733e+00,,
+1.035467e+00,,
+1.030933e+00,,
+1.042400e+00,,
+1.051467e+00,,
+1.053867e+00,,
+1.060667e+00,,
+1.078933e+00,,
+1.056133e+00,,
+1.060667e+00,,
+1.069867e+00,,
+1.076667e+00,,
+1.081200e+00,,
+1.097333e+00,,
+1.088133e+00,,
+1.090400e+00,,
+1.090400e+00,,
+1.097333e+00,,
+1.081200e+00,,
+1.101867e+00,,
+1.101867e+00,,
+1.113333e+00,,
+1.115600e+00,,
+1.138400e+00,,
+1.122400e+00,,
+1.138400e+00,,
+1.131600e+00,,
+1.147600e+00,,
+1.124667e+00,,
+1.131600e+00,,
+1.145333e+00,,
+1.156800e+00,,
+1.145333e+00,,
+1.161333e+00,,
+1.154400e+00,,
+1.179600e+00,,
+1.168133e+00,,
+1.175067e+00,,
+1.172800e+00,,
+1.186533e+00,,
+1.181867e+00,,
+1.193333e+00,,
+1.188800e+00,,
+1.204800e+00,,
+1.191067e+00,,
+1.211600e+00,,
+1.202533e+00,,
+1.220800e+00,,
+1.209333e+00,,
+1.225333e+00,,
+1.236800e+00,,
+1.232267e+00,,
+1.232267e+00,,
+1.234533e+00,,
+1.236800e+00,,
+1.250533e+00,,
+1.248267e+00,,
+1.252800e+00,,
+1.255067e+00,,
+1.262000e+00,,
+1.273467e+00,,
+1.271067e+00,,
+1.273467e+00,,
+1.280267e+00,,
+1.282533e+00,,
+1.298533e+00,,
+1.284800e+00,,
+1.294000e+00,,
+1.287067e+00,,
+1.312267e+00,,
+1.300800e+00,,
+1.312267e+00,,
+1.316933e+00,,
+1.323733e+00,,
+1.316933e+00,,
+1.335200e+00,,
+1.337467e+00,,
+1.328267e+00,,
+1.326000e+00,,
+1.346667e+00,,
+1.328267e+00,,
+1.353467e+00,,
+1.351200e+00,,
+1.371733e+00,,
+1.371733e+00,,
+1.378667e+00,,
+1.374000e+00,,
+1.383200e+00,,
+1.362667e+00,,
+1.383200e+00,,
+1.385467e+00,,
+1.390133e+00,,
+1.392400e+00,,
+1.401467e+00,,
+1.401467e+00,,
+1.424400e+00,,
+1.419867e+00,,
+1.417467e+00,,
+1.428933e+00,,
+1.428933e+00,,
+1.433467e+00,,
+1.442667e+00,,
+1.444933e+00,,
+1.447200e+00,,
+1.449600e+00,,
+1.451867e+00,,
+1.449600e+00,,
+1.470133e+00,,
+1.449600e+00,,
+1.481600e+00,,
+1.463333e+00,,
+1.479333e+00,,
+1.474667e+00,,
+1.472400e+00,,
+1.483867e+00,,
+1.493067e+00,,
+1.488400e+00,,
+1.502133e+00,,
+1.493067e+00,,
+1.509067e+00,,
+1.515867e+00,,
+1.511333e+00,,
+1.499867e+00,,
+1.536533e+00,,
+1.511333e+00,,
+1.543333e+00,,
+1.527333e+00,,
+1.543333e+00,,
+1.536533e+00,,
+1.547867e+00,,
+1.536533e+00,,
+1.557067e+00,,
+1.543333e+00,,
+1.554800e+00,,
+1.557067e+00,,
+1.589067e+00,,
+1.566267e+00,,
+1.570800e+00,,
+1.584533e+00,,
+1.589067e+00,,
+1.596000e+00,,
+1.598267e+00,,
+1.602800e+00,,
+1.609733e+00,,
+1.623333e+00,,
+1.607333e+00,,
+1.616533e+00,,
+1.625733e+00,,
+1.623333e+00,,
+1.650800e+00,,
+1.618800e+00,,
+1.639467e+00,,
+1.637067e+00,,
+1.646267e+00,,
+1.637067e+00,,
+1.660000e+00,,
+1.644000e+00,,
+1.666800e+00,,
+1.666800e+00,,
+1.669200e+00,,
+1.680533e+00,,
+1.682933e+00,,
+1.676000e+00,,
+1.687467e+00,,
+1.694267e+00,,
+1.692000e+00,,
+1.673733e+00,,
+1.710267e+00,,
+1.687467e+00,,
+1.719467e+00,,
+1.703467e+00,,
+1.717200e+00,,
+1.710267e+00,,
+1.724000e+00,,
+1.708000e+00,,
+1.733200e+00,,
+1.733200e+00,,
+1.737733e+00,,
+1.742400e+00,,
+1.746933e+00,,
+1.744667e+00,,
+1.749200e+00,,
+1.749200e+00,,
+1.760667e+00,,
+1.762933e+00,,
+1.767467e+00,,
+1.765200e+00,,
+1.785867e+00,,
+1.762933e+00,,
+1.797200e+00,,
+1.794933e+00,,
+1.781200e+00,,
+1.790400e+00,,
+1.810933e+00,,
+1.797200e+00,,
+1.797200e+00,,
+1.806400e+00,,
+1.817867e+00,,
+1.815600e+00,,
+1.831600e+00,,
+1.813200e+00,,
+1.836133e+00,,
+1.829333e+00,,
+1.836133e+00,,
+1.831600e+00,,
+1.847600e+00,,
+1.842933e+00,,
+1.852133e+00,,
+1.861333e+00,,
+1.863600e+00,,
+1.854400e+00,,
+1.875067e+00,,
+1.875067e+00,,
+1.888800e+00,,
+1.879600e+00,,
+1.900133e+00,,
+1.884133e+00,,
+1.909333e+00,,
+1.900133e+00,,
+1.895600e+00,,
+1.900133e+00,,
+1.916133e+00,,
+1.909333e+00,,
+1.923067e+00,,
+1.918533e+00,,
+1.934533e+00,,
+1.929867e+00,,
+1.941333e+00,,
+1.939067e+00,,
+1.955067e+00,,
+1.945867e+00,,
+1.964267e+00,,
+1.948267e+00,,
+1.971067e+00,,
+1.968800e+00,,
+1.968800e+00,,
+1.959600e+00,,
+1.982533e+00,,
+1.980267e+00,,
+1.984800e+00,,
+1.989333e+00,,
+1.991733e+00,,
+1.998533e+00,,
+2.028267e+00,,
+2.016800e+00,,
+2.003067e+00,,
+2.019067e+00,,
+2.030533e+00,,
+2.007733e+00,,
+2.028267e+00,,
+2.023733e+00,,
+2.055733e+00,,
+2.042000e+00,,
+2.055733e+00,,
+2.037467e+00,,
+2.058000e+00,,
+2.048933e+00,,
+2.062533e+00,,
+2.058000e+00,,
+2.074000e+00,,
+2.069467e+00,,
+2.090000e+00,,
+2.076267e+00,,
+2.085467e+00,,
+2.101467e+00,,
+2.085467e+00,,
+2.096933e+00,,
+2.101467e+00,,
+2.101467e+00,,
+2.106000e+00,,
+2.103733e+00,,
+2.128933e+00,,
+2.110667e+00,,
+2.119733e+00,,
+2.119733e+00,,
+2.126667e+00,,
+2.128933e+00,,
+2.156400e+00,,
+2.138133e+00,,
+2.147200e+00,,
+2.144933e+00,,
+2.172400e+00,,
+2.172400e+00,,
+2.170133e+00,,
+2.158667e+00,,
+2.176933e+00,,
+2.172400e+00,,
+2.174667e+00,,
+2.179200e+00,,
+2.188400e+00,,
+2.192933e+00,,
+2.195333e+00,,
+2.195333e+00,,
+2.199867e+00,,
+2.195333e+00,,
+2.225067e+00,,
+2.208933e+00,,
+2.215867e+00,,
+2.213600e+00,,
+2.229600e+00,,
+2.220400e+00,,
+2.236400e+00,,
+2.241067e+00,,
+2.247867e+00,,
+2.241067e+00,,
+2.254800e+00,,
+2.250133e+00,,
+2.254800e+00,,
+2.263867e+00,,
+2.266133e+00,,
+2.254800e+00,,
+2.273067e+00,,
+2.270800e+00,,
+2.275333e+00,,
+2.279867e+00,,
+2.293600e+00,,
+2.279867e+00,,
+2.302800e+00,,
+2.293600e+00,,
+2.321067e+00,,
+2.291333e+00,,
+2.318800e+00,,
+2.314267e+00,,
+2.330267e+00,,
+2.311867e+00,,
+2.337067e+00,,
+2.325600e+00,,
+2.334800e+00,,
+2.323333e+00,,
+2.339333e+00,,
+2.348533e+00,,
+2.353067e+00,,
+2.346267e+00,,
+2.353067e+00,,
+2.353067e+00,,
+2.364533e+00,,
+2.364533e+00,,
+2.369067e+00,,
+2.369067e+00,,
+2.385067e+00,,
+2.385067e+00,,
+2.389733e+00,,
+2.408000e+00,,
+2.401200e+00,,
+2.396533e+00,,
+2.401200e+00,,
+2.410267e+00,,
+2.417200e+00,,
+2.408000e+00,,
+2.430933e+00,,
+2.414933e+00,,
+2.435467e+00,,
+2.430933e+00,,
+2.440000e+00,,
+2.437733e+00,,
+2.446933e+00,,
+2.458267e+00,,
+2.460667e+00,,
+2.449200e+00,,
+2.451467e+00,,
+2.444667e+00,,
+2.446933e+00,,
+2.430933e+00,,
+2.442267e+00,,
+2.426267e+00,,
+2.435467e+00,,
+2.426267e+00,,
+2.428533e+00,,
+2.419467e+00,,
+2.419467e+00,,
+2.403467e+00,,
+2.419467e+00,,
+2.403467e+00,,
+2.405733e+00,,
+2.378267e+00,,
+2.405733e+00,,
+2.389733e+00,,
+2.392000e+00,,
+2.378267e+00,,
+2.389733e+00,,
+2.357733e+00,,
+2.380533e+00,,
+2.366800e+00,,
+2.350800e+00,,
+2.344000e+00,,
+2.362267e+00,,
+2.348533e+00,,
+2.346267e+00,,
+2.337067e+00,,
+2.344000e+00,,
+2.328000e+00,,
+2.330267e+00,,
+2.321067e+00,,
+2.337067e+00,,
+2.314267e+00,,
+2.325600e+00,,
+2.305067e+00,,
+2.305067e+00,,
+2.289067e+00,,
+2.316533e+00,,
+2.293600e+00,,
+2.295867e+00,,
+2.286800e+00,,
+2.286800e+00,,
+2.261600e+00,,
+2.279867e+00,,
+2.270800e+00,,
+2.270800e+00,,
+2.266133e+00,,
+2.266133e+00,,
+2.247867e+00,,
+2.236400e+00,,
+2.247867e+00,,
+2.250133e+00,,
+2.241067e+00,,
+2.229600e+00,,
+2.220400e+00,,
+2.229600e+00,,
+2.213600e+00,,
+2.218133e+00,,
+2.213600e+00,,
+2.208933e+00,,
+2.208933e+00,,
+2.206667e+00,,
+2.199867e+00,,
+2.190667e+00,,
+2.190667e+00,,
+2.190667e+00,,
+2.188400e+00,,
+2.183867e+00,,
+2.174667e+00,,
+2.176933e+00,,
+2.158667e+00,,
+2.176933e+00,,
+2.156400e+00,,
+2.160933e+00,,
+2.138133e+00,,
+2.154133e+00,,
+2.131200e+00,,
+2.138133e+00,,
+2.117467e+00,,
+2.124400e+00,,
+2.122133e+00,,
+2.126667e+00,,
+2.094667e+00,,
+2.122133e+00,,
+2.092267e+00,,
+2.119733e+00,,
+2.094667e+00,,
+2.090000e+00,,
+2.080933e+00,,
+2.085467e+00,,
+2.074000e+00,,
+2.083200e+00,,
+2.060267e+00,,
+2.069467e+00,,
+2.064933e+00,,
+2.069467e+00,,
+2.053467e+00,,
+2.058000e+00,,
+2.037467e+00,,
+2.048933e+00,,
+2.037467e+00,,
+2.035200e+00,,
+2.039733e+00,,
+2.023733e+00,,
+2.012267e+00,,
+2.028267e+00,,
+2.014533e+00,,
+2.019067e+00,,
+1.996267e+00,,
+2.005467e+00,,
+1.996267e+00,,
+1.998533e+00,,
+1.987067e+00,,
+1.984800e+00,,
+1.978000e+00,,
+1.984800e+00,,
+1.971067e+00,,
+1.966533e+00,,
+1.962000e+00,,
+1.964267e+00,,
+1.952800e+00,,
+1.971067e+00,,
+1.955067e+00,,
+1.957333e+00,,
+1.939067e+00,,
+1.939067e+00,,
+1.943600e+00,,
+1.932267e+00,,
+1.925333e+00,,
+1.911600e+00,,
+1.920800e+00,,
+1.909333e+00,,
+1.911600e+00,,
+1.904800e+00,,
+1.888800e+00,,
+1.911600e+00,,
+1.897867e+00,,
+1.895600e+00,,
+1.872667e+00,,
+1.879600e+00,,
+1.875067e+00,,
+1.881867e+00,,
+1.863600e+00,,
+1.886400e+00,,
+1.875067e+00,,
+1.870400e+00,,
+1.865867e+00,,
+1.863600e+00,,
+1.842933e+00,,
+1.852133e+00,,
+1.829333e+00,,
+1.861333e+00,,
+1.824667e+00,,
+1.842933e+00,,
+1.831600e+00,,
+1.820133e+00,,
+1.799467e+00,,
+1.804133e+00,,
+1.790400e+00,,
+1.801867e+00,,
+1.801867e+00,,
+1.801867e+00,,
+1.797200e+00,,
+1.781200e+00,,
+1.776667e+00,,
+1.785867e+00,,
+1.774400e+00,,
+1.769733e+00,,
+1.772133e+00,,
+1.769733e+00,,
+1.760667e+00,,
+1.753733e+00,,
+1.760667e+00,,
+1.753733e+00,,
+1.737733e+00,,
+1.751467e+00,,
+1.733200e+00,,
+1.733200e+00,,
+1.712667e+00,,
+1.714933e+00,,
+1.717200e+00,,
+1.708000e+00,,
+1.710267e+00,,
+1.721733e+00,,
+1.703467e+00,,
+1.712667e+00,,
+1.685200e+00,,
+1.696533e+00,,
+1.687467e+00,,
+1.696533e+00,,
+1.662267e+00,,
+1.682933e+00,,
+1.671467e+00,,
+1.678267e+00,,
+1.653067e+00,,
+1.660000e+00,,
+1.650800e+00,,
+1.662267e+00,,
+1.637067e+00,,
+1.650800e+00,,
+1.630267e+00,,
+1.641733e+00,,
+1.625733e+00,,
+1.628000e+00,,
+1.625733e+00,,
+1.630267e+00,,
+1.623333e+00,,
+1.614267e+00,,
+1.596000e+00,,
+1.607333e+00,,
+1.591333e+00,,
+1.589067e+00,,
+1.591333e+00,,
+1.593600e+00,,
+1.579867e+00,,
+1.575333e+00,,
+1.559333e+00,,
+1.573067e+00,,
+1.563867e+00,,
+1.570800e+00,,
+1.554800e+00,,
+1.554800e+00,,
+1.534133e+00,,
+1.559333e+00,,
+1.547867e+00,,
+1.552533e+00,,
+1.531867e+00,,
+1.541067e+00,,
+1.527333e+00,,
+1.536533e+00,,
+1.515867e+00,,
+1.536533e+00,,
+1.504400e+00,,
+1.525067e+00,,
+1.515867e+00,,
+1.515867e+00,,
+1.476933e+00,,
+1.488400e+00,,
+1.493067e+00,,
+1.481600e+00,,
+1.474667e+00,,
+1.486133e+00,,
+1.470133e+00,,
+1.460933e+00,,
+1.476933e+00,,
+1.470133e+00,,
+1.456400e+00,,
+1.458667e+00,,
+1.442667e+00,,
+1.456400e+00,,
+1.431200e+00,,
+1.438133e+00,,
+1.408400e+00,,
+1.426667e+00,,
+1.419867e+00,,
+1.428933e+00,,
+1.415200e+00,,
+1.415200e+00,,
+1.412933e+00,,
+1.403733e+00,,
+1.399200e+00,,
+1.399200e+00,,
+1.371733e+00,,
+1.394667e+00,,
+1.390133e+00,,
+1.383200e+00,,
+1.371733e+00,,
+1.378667e+00,,
+1.364933e+00,,
+1.367200e+00,,
+1.351200e+00,,
+1.358000e+00,,
+1.355733e+00,,
+1.358000e+00,,
+1.339733e+00,,
+1.346667e+00,,
+1.332933e+00,,
+1.339733e+00,,
+1.316933e+00,,
+1.328267e+00,,
+1.314533e+00,,
+1.321467e+00,,
+1.303200e+00,,
+1.328267e+00,,
+1.303200e+00,,
+1.310000e+00,,
+1.287067e+00,,
+1.300800e+00,,
+1.287067e+00,,
+1.284800e+00,,
+1.282533e+00,,
+1.287067e+00,,
+1.275733e+00,,
+1.280267e+00,,
+1.275733e+00,,
+1.273467e+00,,
+1.262000e+00,,
+1.266533e+00,,
+1.250533e+00,,
+1.255067e+00,,
+1.248267e+00,,
+1.232267e+00,,
+1.230000e+00,,
+1.227600e+00,,
+1.230000e+00,,
+1.232267e+00,,
+1.218533e+00,,
+1.218533e+00,,
+1.200267e+00,,
+1.216267e+00,,
+1.191067e+00,,
+1.197867e+00,,
+1.195600e+00,,
+1.197867e+00,,
+1.177333e+00,,
+1.179600e+00,,
+1.161333e+00,,
+1.193333e+00,,
+1.163600e+00,,
+1.172800e+00,,
+1.156800e+00,,
+1.165867e+00,,
+1.143067e+00,,
+1.152133e+00,,
+1.143067e+00,,
+1.147600e+00,,
+1.127067e+00,,
+1.138400e+00,,
+1.131600e+00,,
+1.129333e+00,,
+1.120133e+00,,
+1.129333e+00,,
+1.110933e+00,,
+1.113333e+00,,
+1.099600e+00,,
+1.106400e+00,,
+1.090400e+00,,
+1.094933e+00,,
+1.090400e+00,,
+1.090400e+00,,
+1.076667e+00,,
+1.074400e+00,,
+1.067467e+00,,
+1.067467e+00,,
+1.058400e+00,,
+1.069867e+00,,
+1.056133e+00,,
+1.069867e+00,,
+1.051467e+00,,
+1.046933e+00,,
+1.037733e+00,,
+1.040133e+00,,
+1.017200e+00,,
+1.033200e+00,,
+1.024133e+00,,
+1.030933e+00,,
+1.012667e+00,,
+1.019467e+00,,
+1.008000e+00,,
+1.012667e+00,,
+1.001200e+00,,
+1.001200e+00,,
+9.874667e-01,,
+9.782667e-01,,
+9.829333e-01,,
+9.966667e-01,,
+9.622667e-01,,
+9.874667e-01,,
+9.669334e-01,,
+9.852000e-01,,
+9.669334e-01,,
+9.440000e-01,,
+9.485334e-01,,
+9.554667e-01,,
+9.372000e-01,,
+9.600000e-01,,
+9.280000e-01,,
+9.485334e-01,,
+9.234667e-01,,
+9.372000e-01,,
+9.210667e-01,,
+9.257333e-01,,
+9.050667e-01,,
+9.165334e-01,,
+9.050667e-01,,
+9.050667e-01,,
+9.050667e-01,,
+9.120000e-01,,
+8.913333e-01,,
+9.028000e-01,,
+8.822667e-01,,
+8.845333e-01,,
+8.570667e-01,,
+8.730667e-01,,
+8.593333e-01,,
+8.685333e-01,,
+8.525333e-01,,
+8.708000e-01,,
+8.570667e-01,,
+8.730667e-01,,
+8.296000e-01,,
+8.456000e-01,,
+8.296000e-01,,
+8.410667e-01,,
+8.158666e-01,,
+8.342667e-01,,
+8.068000e-01,,
+8.250667e-01,,
+8.113334e-01,,
+8.205333e-01,,
+7.953333e-01,,
+8.205333e-01,,
+7.884000e-01,,
+7.884000e-01,,
+7.793334e-01,,
+7.861333e-01,,
+7.793334e-01,,
+7.838667e-01,,
+7.793334e-01,,
+7.678667e-01,,
+7.610667e-01,,
+7.610667e-01,,
+7.496000e-01,,
+7.610667e-01,,
+7.381334e-01,,
+7.496000e-01,,
+7.266667e-01,,
+7.358667e-01,,
+7.221333e-01,,
+7.404000e-01,,
+7.084000e-01,,
+7.358667e-01,,
+7.152000e-01,,
+7.129334e-01,,
+6.992000e-01,,
+7.084000e-01,,
+7.014667e-01,,
+6.924000e-01,,
+6.969333e-01,,
+6.854666e-01,,
+6.832000e-01,,
+6.854666e-01,,
+6.717333e-01,,
+6.741334e-01,,
+6.626667e-01,,
+6.672000e-01,,
+6.466666e-01,,
+6.604000e-01,,
+6.581333e-01,,
+6.512000e-01,,
+6.489334e-01,,
+6.512000e-01,,
+6.260000e-01,,
+6.282667e-01,,
+6.146667e-01,,
+6.146667e-01,,
+5.985333e-01,,
+6.214667e-01,,
+6.169333e-01,,
+6.054667e-01,,
+6.054667e-01,,
+6.122667e-01,,
+5.734667e-01,,
+5.872000e-01,,
+5.734667e-01,,
+5.940000e-01,,
+5.802667e-01,,
+5.825334e-01,,
+5.620000e-01,,
+5.734667e-01,,
+5.390667e-01,,
+5.528000e-01,,
+5.390667e-01,,
+5.620000e-01,,
+5.550666e-01,,
+5.505334e-01,,
+5.322667e-01,,
+5.345333e-01,,
+5.277333e-01,,
+5.368000e-01,,
+5.140000e-01,,
+5.208000e-01,,
+5.025333e-01,,
+5.117334e-01,,
+4.933333e-01,,
+4.865333e-01,,
+4.980000e-01,,
+4.956000e-01,,
+4.818667e-01,,
+4.980000e-01,,
+4.705333e-01,,
+4.818667e-01,,
+4.705333e-01,,
+4.705333e-01,,
+4.521333e-01,,
+4.545333e-01,,
+4.568000e-01,,
+4.636000e-01,,
+4.453333e-01,,
+4.476000e-01,,
+4.453333e-01,,
+4.361333e-01,,
+4.224000e-01,,
+4.293333e-01,,
+4.133333e-01,,
+4.293333e-01,,
+4.018667e-01,,
+4.224000e-01,,
+3.950667e-01,,
+4.201334e-01,,
+3.950667e-01,,
+3.950667e-01,,
+3.813334e-01,,
+4.064000e-01,,
+3.789333e-01,,
+3.926667e-01,,
+3.653333e-01,,
+3.836000e-01,,
+3.584000e-01,,
+3.698667e-01,,
+3.584000e-01,,
+3.676000e-01,,
+3.424000e-01,,
+3.561333e-01,,
+3.424000e-01,,
+3.492000e-01,,
+3.309333e-01,,
+3.469333e-01,,
+3.149333e-01,,
+3.332000e-01,,
+3.149333e-01,,
+3.194667e-01,,
+3.126667e-01,,
+3.104000e-01,,
+3.081333e-01,,
+3.034667e-01,,
+2.966667e-01,,
+2.966667e-01,,
+2.897334e-01,,
+2.829333e-01,,
+2.806667e-01,,
+2.784000e-01,,
+2.669333e-01,,
+2.829333e-01,,
+2.577333e-01,,
+2.554667e-01,,
+2.554667e-01,,
+2.554667e-01,,
+2.440000e-01,,
+2.417333e-01,,
+2.280000e-01,,
+2.462667e-01,,
+2.280000e-01,,
+2.349333e-01,,
+2.165333e-01,,
+2.142667e-01,,
+1.937333e-01,,
+2.234667e-01,,
+2.120000e-01,,
+2.142667e-01,,
+1.937333e-01,,
+2.028000e-01,,
+1.822667e-01,,
+1.960000e-01,,
+1.800000e-01,,
+1.937333e-01,,
+1.708000e-01,,
+1.800000e-01,,
+1.640000e-01,,
+1.730667e-01,,
+1.502667e-01,,
+1.730667e-01,,
+1.548000e-01,,
+1.548000e-01,,
+1.433333e-01,,
+1.548000e-01,,
+1.273333e-01,,
+1.388000e-01,,
+1.228000e-01,,
+1.158667e-01,,
+1.158667e-01,,
+1.205333e-01,,
+1.158667e-01,,
+1.113333e-01,,
+1.022667e-01,,
+1.136000e-01,,
+8.613333e-02,,
+1.045333e-01,,
+8.613333e-02,,
+9.306667e-02,,
+7.933334e-02,,
+8.160000e-02,,
+5.640000e-02,,
+7.013334e-02,,
+5.186667e-02,,
+6.560000e-02,,
+5.413333e-02,,
+5.880000e-02,,
+4.040000e-02,,
+4.506667e-02,,
+3.586667e-02,,
+4.506667e-02,,
+2.213333e-02,,
+3.586667e-02,,
+2.213333e-02,,
+1.760000e-02,,
+1.760000e-02,,
+1.986667e-02,,
-3.066667e-03,,
+2.213333e-02,,
-5.333333e-03,,
+6.133333e-03,,
-7.600000e-03,,
-9.866667e-03,,
-1.680000e-02,,
+1.600000e-03,,
-3.280000e-02,,
-2.586667e-02,,
-2.813333e-02,,
-2.360000e-02,,
-4.413334e-02,,
-4.186667e-02,,
-5.560000e-02,,
-5.106667e-02,,
-6.933334e-02,,
-6.480000e-02,,
-6.480000e-02,,
-6.706667e-02,,
-9.000000e-02,,
-7.626667e-02,,
-9.906667e-02,,
-9.680000e-02,,
-9.906667e-02,,
-9.453333e-02,,
-9.453333e-02,,
-9.226667e-02,,
-1.105333e-01,,
-1.150667e-01,,
-1.082667e-01,,
-1.150667e-01,,
-1.357333e-01,,
-1.242667e-01,,
-1.357333e-01,,
-1.173333e-01,,
-1.380000e-01,,
-1.402667e-01,,
-1.380000e-01,,
-1.517333e-01,,
-1.470667e-01,,
-1.540000e-01,,
-1.792000e-01,,
-1.585333e-01,,
-1.837333e-01,,
-1.632000e-01,,
-1.837333e-01,,
-1.860000e-01,,
-1.814667e-01,,
-1.722667e-01,,
-2.042667e-01,,
-1.952000e-01,,
-2.066667e-01,,
-2.042667e-01,,
-2.180000e-01,,
-2.066667e-01,,
-2.317333e-01,,
-2.317333e-01,,
-2.249333e-01,,
-2.226667e-01,,
-2.501333e-01,,
-2.294667e-01,,
-2.592000e-01,,
-2.546667e-01,,
-2.546667e-01,,
-2.477333e-01,,
-2.569333e-01,,
-2.569333e-01,,
-2.614667e-01,,
-2.592000e-01,,
-2.889333e-01,,
-2.752000e-01,,
-2.958667e-01,,
-2.844000e-01,,
-3.026667e-01,,
-2.889333e-01,,
-3.026667e-01,,
-3.096000e-01,,
-3.026667e-01,,
-3.072000e-01,,
-3.233333e-01,,
-3.233333e-01,,
-3.233333e-01,,
-3.324000e-01,,
-3.484000e-01,,
-3.278667e-01,,
-3.393333e-01,,
-3.256000e-01,,
-3.324000e-01,,
-3.484000e-01,,
-3.576000e-01,,
-3.598667e-01,,
-3.644000e-01,,
-3.736000e-01,,
-3.896000e-01,,
-3.828000e-01,,
-3.758667e-01,,
-3.850667e-01,,
-3.941333e-01,,
-3.873333e-01,,
-4.010667e-01,,
-3.918667e-01,,
-4.056000e-01,,
-4.033333e-01,,
-4.125333e-01,,
-4.216000e-01,,
-4.262667e-01,,
-4.101333e-01,,
-4.330667e-01,,
-4.170667e-01,,
-4.353333e-01,,
-4.285333e-01,,
-4.445333e-01,,
-4.490667e-01,,
-4.628000e-01,,
-4.560000e-01,,
-4.673333e-01,,
-4.673333e-01,,
-4.697333e-01,,
-4.673333e-01,,
-4.697333e-01,,
-4.720000e-01,,
-4.857333e-01,,
-4.880000e-01,,
-4.970667e-01,,
-4.902667e-01,,
-5.017334e-01,,
-4.948000e-01,,
-4.994667e-01,,
-5.017334e-01,,
-5.222667e-01,,
-5.130666e-01,,
-5.314667e-01,,
-5.268000e-01,,
-5.292000e-01,,
-5.292000e-01,,
-5.474667e-01,,
-5.405334e-01,,
-5.497333e-01,,
-5.405334e-01,,
-5.634667e-01,,
-5.474667e-01,,
-5.612000e-01,,
-5.749334e-01,,
-5.886667e-01,,
-5.726666e-01,,
-5.862667e-01,,
-5.932000e-01,,
-5.886667e-01,,
-5.840000e-01,,
-5.977333e-01,,
-5.932000e-01,,
-6.161333e-01,,
-6.137334e-01,,
-6.274667e-01,,
-5.977333e-01,,
-6.389334e-01,,
-6.274667e-01,,
-6.412000e-01,,
-6.206667e-01,,
-6.389334e-01,,
-6.366667e-01,,
-6.618667e-01,,
-6.366667e-01,,
-6.664000e-01,,
-6.504000e-01,,
-6.641334e-01,,
-6.549333e-01,,
-6.846667e-01,,
-6.709334e-01,,
-6.756000e-01,,
-6.756000e-01,,
-6.756000e-01,,
-6.893333e-01,,
-7.029333e-01,,
-6.869333e-01,,
-6.961333e-01,,
-7.144000e-01,,
-7.258667e-01,,
-7.121333e-01,,
-7.236000e-01,,
-7.098667e-01,,
-7.326667e-01,,
-7.304000e-01,,
-7.488000e-01,,
-7.281333e-01,,
-7.533333e-01,,
-7.396000e-01,,
-7.578667e-01,,
-7.601333e-01,,
-7.556000e-01,,
-7.556000e-01,,
-7.898667e-01,,
-7.716000e-01,,
-7.830667e-01,,
-7.761334e-01,,
-7.808000e-01,,
-7.853333e-01,,
-7.922667e-01,,
-7.808000e-01,,
-8.013334e-01,,
-7.922667e-01,,
-8.013334e-01,,
-7.968000e-01,,
-8.173333e-01,,
-8.105333e-01,,
-8.242667e-01,,
-8.173333e-01,,
-8.333333e-01,,
-8.220000e-01,,
-8.402667e-01,,
-8.310667e-01,,
-8.380000e-01,,
-8.357334e-01,,
-8.540000e-01,,
-8.470667e-01,,
-8.745334e-01,,
-8.562667e-01,,
-8.677334e-01,,
-8.790667e-01,,
-8.860000e-01,,
-8.677334e-01,,
-8.905333e-01,,
-8.790667e-01,,
-8.974667e-01,,
-8.905333e-01,,
-9.042667e-01,,
-8.997334e-01,,
-9.134667e-01,,
-9.020000e-01,,
-9.202667e-01,,
-9.180000e-01,,
-9.340000e-01,,
-9.409333e-01,,
-9.432000e-01,,
-9.249333e-01,,
-9.477333e-01,,
-9.454667e-01,,
-9.432000e-01,,
-9.409333e-01,,
-9.660000e-01,,
-9.522667e-01,,
-9.592000e-01,,
-9.729334e-01,,
-9.821333e-01,,
-9.684000e-01,,
-9.821333e-01,,
-9.684000e-01,,
-9.889333e-01,,
-9.889333e-01,,
-9.981334e-01,,
-1.002667e+00,,
-1.004933e+00,,
-1.000400e+00,,
-1.018667e+00,,
-1.002667e+00,,
-1.025467e+00,,
-1.011867e+00,,
-1.030133e+00,,
-1.032400e+00,,
-1.039200e+00,,
-1.041600e+00,,
-1.052933e+00,,
-1.048400e+00,,
-1.062133e+00,,
-1.039200e+00,,
-1.050667e+00,,
-1.055333e+00,,
-1.068933e+00,,
-1.068933e+00,,
-1.080400e+00,,
-1.082667e+00,,
-1.091867e+00,,
-1.078133e+00,,
-1.101067e+00,,
-1.085067e+00,,
-1.112400e+00,,
-1.105600e+00,,
-1.126133e+00,,
-1.094133e+00,,
-1.128533e+00,,
-1.110133e+00,,
-1.130800e+00,,
-1.126133e+00,,
-1.128533e+00,,
-1.135333e+00,,
-1.137600e+00,,
-1.137600e+00,,
-1.153600e+00,,
-1.142133e+00,,
-1.153600e+00,,
-1.151333e+00,,
-1.167333e+00,,
-1.155867e+00,,
-1.160533e+00,,
-1.171867e+00,,
-1.190267e+00,,
-1.178800e+00,,
-1.194800e+00,,
-1.176533e+00,,
-1.190267e+00,,
-1.194800e+00,,
-1.190267e+00,,
-1.201733e+00,,
-1.217733e+00,,
-1.206267e+00,,
-1.226800e+00,,
-1.226800e+00,,
-1.224533e+00,,
-1.229067e+00,,
-1.236000e+00,,
-1.217733e+00,,
-1.242800e+00,,
-1.242800e+00,,
-1.249733e+00,,
-1.252000e+00,,
-1.274933e+00,,
-1.261200e+00,,
-1.263467e+00,,
-1.270267e+00,,
-1.288533e+00,,
-1.279467e+00,,
-1.297733e+00,,
-1.277200e+00,,
-1.309200e+00,,
-1.300000e+00,,
-1.297733e+00,,
-1.300000e+00,,
-1.322933e+00,,
-1.302267e+00,,
-1.325200e+00,,
-1.313733e+00,,
-1.327467e+00,,
-1.329733e+00,,
-1.338933e+00,,
-1.329733e+00,,
-1.350400e+00,,
-1.357200e+00,,
-1.359467e+00,,
-1.352667e+00,,
-1.375467e+00,,
-1.341200e+00,,
-1.366400e+00,,
-1.350400e+00,,
-1.389200e+00,,
-1.368667e+00,,
-1.377867e+00,,
-1.386933e+00,,
-1.393867e+00,,
-1.396133e+00,,
-1.407600e+00,,
-1.402933e+00,,
-1.418933e+00,,
-1.405200e+00,,
-1.423600e+00,,
-1.412133e+00,,
-1.418933e+00,,
-1.421333e+00,,
-1.441867e+00,,
-1.428133e+00,,
-1.441867e+00,,
-1.418933e+00,,
-1.451067e+00,,
-1.446400e+00,,
-1.460133e+00,,
-1.455600e+00,,
-1.457867e+00,,
-1.451067e+00,,
-1.473867e+00,,
-1.476133e+00,,
-1.492133e+00,,
-1.469333e+00,,
-1.492133e+00,,
-1.476133e+00,,
-1.496800e+00,,
-1.492133e+00,,
-1.512800e+00,,
-1.489867e+00,,
-1.508133e+00,,
-1.505867e+00,,
-1.526533e+00,,
-1.505867e+00,,
-1.519600e+00,,
-1.521867e+00,,
-1.544800e+00,,
-1.524267e+00,,
-1.549333e+00,,
-1.542533e+00,,
-1.556267e+00,,
-1.537867e+00,,
-1.567733e+00,,
-1.544800e+00,,
-1.567733e+00,,
-1.556267e+00,,
-1.579067e+00,,
-1.558533e+00,,
-1.595067e+00,,
-1.576800e+00,,
-1.588267e+00,,
-1.590533e+00,,
-1.597467e+00,,
-1.583733e+00,,
-1.611067e+00,,
-1.592800e+00,,
-1.622533e+00,,
-1.615733e+00,,
-1.629467e+00,,
-1.620267e+00,,
-1.622533e+00,,
-1.627200e+00,,
-1.643200e+00,,
-1.647733e+00,,
-1.631733e+00,,
-1.634000e+00,,
-1.656933e+00,,
-1.645467e+00,,
-1.666000e+00,,
-1.656933e+00,,
-1.663733e+00,,
-1.659200e+00,,
-1.686667e+00,,
-1.679733e+00,,
-1.691200e+00,,
-1.679733e+00,,
-1.675200e+00,,
-1.686667e+00,,
-1.720933e+00,,
-1.693467e+00,,
-1.714133e+00,,
-1.714133e+00,,
-1.720933e+00,,
-1.725467e+00,,
-1.736933e+00,,
-1.709467e+00,,
-1.750667e+00,,
-1.718667e+00,,
-1.748400e+00,,
-1.750667e+00,,
-1.746133e+00,,
-1.748400e+00,,
-1.768933e+00,,
-1.750667e+00,,
-1.775867e+00,,
-1.759867e+00,,
-1.775867e+00,,
-1.762133e+00,,
-1.784933e+00,,
-1.784933e+00,,
-1.803333e+00,,
-1.773600e+00,,
-1.800933e+00,,
-1.800933e+00,,
-1.807867e+00,,
-1.796400e+00,,
-1.830667e+00,,
-1.805600e+00,,
-1.837600e+00,,
-1.812400e+00,,
-1.826133e+00,,
-1.828400e+00,,
-1.837600e+00,,
-1.828400e+00,,
-1.842133e+00,,
-1.839867e+00,,
-1.869600e+00,,
-1.849067e+00,,
-1.865067e+00,,
-1.862800e+00,,
-1.876533e+00,,
-1.871867e+00,,
-1.878800e+00,,
-1.878800e+00,,
-1.885600e+00,,
-1.885600e+00,,
-1.892533e+00,,
-1.899333e+00,,
-1.910800e+00,,
-1.897067e+00,,
-1.920000e+00,,
-1.908533e+00,,
-1.931333e+00,,
-1.920000e+00,,
-1.924533e+00,,
-1.929067e+00,,
-1.933733e+00,,
-1.933733e+00,,
-1.949733e+00,,
-1.940533e+00,,
-1.954267e+00,,
-1.947333e+00,,
-1.963467e+00,,
-1.947333e+00,,
-1.977067e+00,,
-1.963467e+00,,
-1.984000e+00,,
-1.965733e+00,,
-1.995467e+00,,
-1.974800e+00,,
-2.009200e+00,,
-1.993200e+00,,
-2.002267e+00,,
-2.004533e+00,,
-2.020533e+00,,
-2.002267e+00,,
-2.020533e+00,,
-2.018267e+00,,
-2.034267e+00,,
-2.032000e+00,,
-2.032000e+00,,
-2.027467e+00,,
-2.036667e+00,,
-2.034267e+00,,
-2.043467e+00,,
-2.043467e+00,,
-2.070933e+00,,
-2.054933e+00,,
-2.068667e+00,,
-2.059467e+00,,
-2.082400e+00,,
-2.075467e+00,,
-2.086933e+00,,
-2.077733e+00,,
-2.093733e+00,,
-2.066400e+00,,
-2.093733e+00,,
-2.082400e+00,,
-2.109867e+00,,
-2.086933e+00,,
-2.116667e+00,,
-2.112133e+00,,
-2.128133e+00,,
-2.121200e+00,,
-2.121200e+00,,
-2.116667e+00,,
-2.137200e+00,,
-2.123467e+00,,
-2.148667e+00,,
-2.134933e+00,,
-2.155600e+00,,
-2.134933e+00,,
-2.164667e+00,,
-2.166933e+00,,
-2.178400e+00,,
-2.155600e+00,,
-2.178400e+00,,
-2.180667e+00,,
-2.199067e+00,,
-2.183067e+00,,
-2.205867e+00,,
-2.194400e+00,,
-2.203600e+00,,
-2.192133e+00,,
-2.203600e+00,,
-2.203600e+00,,
-2.226533e+00,,
-2.203600e+00,,
-2.233333e+00,,
-2.196667e+00,,
-2.244800e+00,,
-2.231067e+00,,
-2.233333e+00,,
-2.224133e+00,,
-2.253867e+00,,
-2.240133e+00,,
-2.267600e+00,,
-2.265333e+00,,
-2.263067e+00,,
-2.247067e+00,,
-2.281333e+00,,
-2.269867e+00,,
-2.283600e+00,,
-2.283600e+00,,
-2.292800e+00,,
-2.279067e+00,,
-2.308800e+00,,
-2.292800e+00,,
-2.320267e+00,,
-2.295067e+00,,
-2.311067e+00,,
-2.302000e+00,,
-2.315733e+00,,
-2.318000e+00,,
-2.331733e+00,,
-2.315733e+00,,
-2.345467e+00,,
-2.345467e+00,,
-2.345467e+00,,
-2.338533e+00,,
-2.361467e+00,,
-2.350000e+00,,
-2.372933e+00,,
-2.352267e+00,,
-2.361467e+00,,
-2.361467e+00,,
-2.377467e+00,,
-2.372933e+00,,
-2.391200e+00,,
-2.377467e+00,,
-2.388933e+00,,
-2.393467e+00,,
-2.388933e+00,,
-2.402667e+00,,
-2.414000e+00,,
-2.391200e+00,,
-2.425467e+00,,
-2.398000e+00,,
-2.423200e+00,,
-2.420933e+00,,
-2.434667e+00,,
-2.420933e+00,,
-2.439200e+00,,
-2.425467e+00,,
-2.450667e+00,,
-2.450667e+00,,
-2.455200e+00,,
-2.455200e+00,,
-2.475867e+00,,
-2.466667e+00,,
-2.478133e+00,,
-2.466667e+00,,
-2.471200e+00,,
-2.471200e+00,,
-2.480400e+00,,
-2.478133e+00,,
-2.498667e+00,,
-2.494133e+00,,
-2.510133e+00,,
-2.496400e+00,,
-2.516933e+00,,
-2.498667e+00,,
-2.521600e+00,,
-2.523867e+00,,
-2.526133e+00,,
-2.523867e+00,,
-2.537600e+00,,
-2.521600e+00,,
-2.539867e+00,,
-2.523867e+00,,
-2.558133e+00,,
-2.526133e+00,,
-2.539867e+00,,
-2.530667e+00,,
-2.532933e+00,,
-2.519333e+00,,
-2.532933e+00,,
-2.516933e+00,,
-2.526133e+00,,
-2.505600e+00,,
-2.516933e+00,,
-2.505600e+00,,
-2.510133e+00,,
-2.487200e+00,,
-2.494133e+00,,
-2.473467e+00,,
-2.498667e+00,,
-2.468933e+00,,
-2.487200e+00,,
-2.471200e+00,,
-2.487200e+00,,
-2.450667e+00,,
-2.466667e+00,,
-2.446133e+00,,
-2.464400e+00,,
-2.450667e+00,,
-2.450667e+00,,
-2.432400e+00,,
-2.441467e+00,,
-2.416267e+00,,
-2.446133e+00,,
-2.425467e+00,,
-2.420933e+00,,
-2.407200e+00,,
-2.414000e+00,,
-2.395733e+00,,
-2.414000e+00,,
-2.402667e+00,,
-2.400267e+00,,
-2.382000e+00,,
-2.402667e+00,,
-2.391200e+00,,
-2.384267e+00,,
-2.359200e+00,,
-2.375200e+00,,
-2.372933e+00,,
-2.370533e+00,,
-2.361467e+00,,
-2.359200e+00,,
-2.338533e+00,,
-2.363733e+00,,
-2.336267e+00,,
-2.350000e+00,,
-2.327067e+00,,
-2.338533e+00,,
-2.313333e+00,,
-2.338533e+00,,
-2.320267e+00,,
-2.322533e+00,,
-2.313333e+00,,
-2.320267e+00,,
-2.292800e+00,,
-2.311067e+00,,
-2.283600e+00,,
-2.288267e+00,,
-2.286000e+00,,
-2.286000e+00,,
-2.279067e+00,,
-2.274533e+00,,
-2.269867e+00,,
-2.269867e+00,,
-2.253867e+00,,
-2.263067e+00,,
-2.240133e+00,,
-2.244800e+00,,
-2.233333e+00,,
-2.237867e+00,,
-2.231067e+00,,
-2.231067e+00,,
-2.217333e+00,,
-2.233333e+00,,
-2.212800e+00,,
-2.219600e+00,,
-2.212800e+00,,
-2.201333e+00,,
-2.192133e+00,,
-2.215067e+00,,
-2.189867e+00,,
-2.215067e+00,,
-2.166933e+00,,
-2.189867e+00,,
-2.164667e+00,,
-2.189867e+00,,
-2.160133e+00,,
-2.176133e+00,,
-2.157867e+00,,
-2.171600e+00,,
-2.162400e+00,,
-2.157867e+00,,
-2.146400e+00,,
-2.153333e+00,,
-2.134933e+00,,
-2.148667e+00,,
-2.123467e+00,,
-2.134933e+00,,
-2.123467e+00,,
-2.123467e+00,,
-2.114400e+00,,
-2.121200e+00,,
-2.098400e+00,,
-2.121200e+00,,
-2.096133e+00,,
-2.096133e+00,,
-2.084667e+00,,
-2.098400e+00,,
-2.066400e+00,,
-2.086933e+00,,
-2.075467e+00,,
-2.086933e+00,,
-2.064000e+00,,
-2.075467e+00,,
-2.048000e+00,,
-2.059467e+00,,
-2.041200e+00,,
-2.048000e+00,,
-2.038933e+00,,
-2.045733e+00,,
-2.027467e+00,,
-2.048000e+00,,
-2.029733e+00,,
-2.034267e+00,,
-2.020533e+00,,
-2.025200e+00,,
-2.011467e+00,,
-2.022933e+00,,
-2.011467e+00,,
-2.006933e+00,,
-1.986267e+00,,
-2.004533e+00,,
-1.984000e+00,,
-1.990800e+00,,
-1.972533e+00,,
-1.993200e+00,,
-1.963467e+00,,
-1.965733e+00,,
-1.970267e+00,,
-1.961067e+00,,
-1.949733e+00,,
-1.974800e+00,,
-1.942800e+00,,
-1.945067e+00,,
-1.936000e+00,,
-1.945067e+00,,
-1.931333e+00,,
-1.936000e+00,,
-1.917600e+00,,
-1.936000e+00,,
-1.917600e+00,,
-1.929067e+00,,
-1.915333e+00,,
-1.920000e+00,,
-1.894800e+00,,
-1.903867e+00,,
-1.874133e+00,,
-1.899333e+00,,
-1.878800e+00,,
-1.885600e+00,,
-1.878800e+00,,
-1.881067e+00,,
-1.867333e+00,,
-1.869600e+00,,
-1.867333e+00,,
-1.867333e+00,,
-1.842133e+00,,
-1.839867e+00,,
-1.830667e+00,,
-1.846800e+00,,
-1.842133e+00,,
-1.839867e+00,,
-1.823867e+00,,
-1.835333e+00,,
-1.828400e+00,,
-1.828400e+00,,
-1.807867e+00,,
-1.823867e+00,,
-1.807867e+00,,
-1.805600e+00,,
-1.803333e+00,,
-1.803333e+00,,
-1.778133e+00,,
-1.794133e+00,,
-1.771200e+00,,
-1.780400e+00,,
-1.771200e+00,,
-1.773600e+00,,
-1.755200e+00,,
-1.778133e+00,,
-1.755200e+00,,
-1.766667e+00,,
-1.732400e+00,,
-1.746133e+00,,
-1.730133e+00,,
-1.741467e+00,,
-1.732400e+00,,
-1.739200e+00,,
-1.727733e+00,,
-1.736933e+00,,
-1.720933e+00,,
-1.725467e+00,,
-1.720933e+00,,
-1.700400e+00,,
-1.704933e+00,,
-1.711733e+00,,
-1.688933e+00,,
-1.698000e+00,,
-1.675200e+00,,
-1.691200e+00,,
-1.682000e+00,,
-1.691200e+00,,
-1.661467e+00,,
-1.672933e+00,,
-1.656933e+00,,
-1.666000e+00,,
-1.645467e+00,,
-1.647733e+00,,
-1.640933e+00,,
-1.645467e+00,,
-1.640933e+00,,
-1.643200e+00,,
-1.636267e+00,,
-1.634000e+00,,
-1.624800e+00,,
-1.608800e+00,,
-1.608800e+00,,
-1.606533e+00,,
-1.602000e+00,,
-1.615733e+00,,
-1.604267e+00,,
-1.592800e+00,,
-1.574533e+00,,
-1.592800e+00,,
-1.581333e+00,,
-1.576800e+00,,
-1.574533e+00,,
-1.572267e+00,,
-1.563067e+00,,
-1.576800e+00,,
-1.544800e+00,,
-1.563067e+00,,
-1.544800e+00,,
-1.542533e+00,,
-1.535600e+00,,
-1.542533e+00,,
-1.537867e+00,,
-1.537867e+00,,
-1.521867e+00,,
-1.533333e+00,,
-1.515067e+00,,
-1.526533e+00,,
-1.501333e+00,,
-1.499067e+00,,
-1.489867e+00,,
-1.515067e+00,,
-1.480800e+00,,
-1.489867e+00,,
-1.489867e+00,,
-1.499067e+00,,
-1.480800e+00,,
-1.489867e+00,,
-1.469333e+00,,
-1.464667e+00,,
-1.460133e+00,,
-1.469333e+00,,
-1.453333e+00,,
-1.453333e+00,,
-1.439600e+00,,
-1.462400e+00,,
-1.434933e+00,,
-1.441867e+00,,
-1.430400e+00,,
-1.441867e+00,,
-1.414400e+00,,
-1.428133e+00,,
-1.416667e+00,,
-1.425867e+00,,
-1.398400e+00,,
-1.409867e+00,,
-1.393867e+00,,
-1.405200e+00,,
-1.398400e+00,,
-1.396133e+00,,
-1.370933e+00,,
-1.384667e+00,,
-1.370933e+00,,
-1.384667e+00,,
-1.366400e+00,,
-1.382400e+00,,
-1.352667e+00,,
-1.386933e+00,,
-1.343467e+00,,
-1.368667e+00,,
-1.325200e+00,,
-1.336667e+00,,
-1.320667e+00,,
-1.338933e+00,,
-1.318267e+00,,
-1.325200e+00,,
-1.313733e+00,,
-1.325200e+00,,
-1.311467e+00,,
-1.318267e+00,,
-1.288533e+00,,
-1.316000e+00,,
-1.290933e+00,,
-1.295467e+00,,
-1.288533e+00,,
-1.293200e+00,,
-1.277200e+00,,
-1.286267e+00,,
-1.277200e+00,,
-1.272533e+00,,
-1.265733e+00,,
-1.268000e+00,,
-1.249733e+00,,
-1.256533e+00,,
-1.247467e+00,,
-1.249733e+00,,
-1.240533e+00,,
-1.236000e+00,,
-1.220000e+00,,
-1.236000e+00,,
-1.226800e+00,,
-1.224533e+00,,
-1.224533e+00,,
-1.222267e+00,,
-1.215333e+00,,
-1.213067e+00,,
-1.201733e+00,,
-1.206267e+00,,
-1.206267e+00,,
-1.192533e+00,,
-1.183333e+00,,
-1.192533e+00,,
-1.169600e+00,,
-1.178800e+00,,
-1.162800e+00,,
-1.171867e+00,,
-1.151333e+00,,
-1.149067e+00,,
-1.153600e+00,,
-1.149067e+00,,
-1.139867e+00,,
-1.153600e+00,,
-1.114800e+00,,
-1.137600e+00,,
-1.121600e+00,,
-1.130800e+00,,
-1.114800e+00,,
-1.128533e+00,,
-1.119333e+00,,
-1.119333e+00,,
-1.096400e+00,,
-1.103333e+00,,
-1.085067e+00,,
-1.087333e+00,,
-1.071333e+00,,
-1.096400e+00,,
-1.073600e+00,,
-1.078133e+00,,
-1.068933e+00,,
-1.064400e+00,,
-1.055333e+00,,
-1.062133e+00,,
-1.050667e+00,,
-1.064400e+00,,
-1.043867e+00,,
-1.052933e+00,,
-1.039200e+00,,
-1.039200e+00,,
-1.016400e+00,,
-1.027867e+00,,
-1.016400e+00,,
-1.030133e+00,,
-1.002667e+00,,
-1.007200e+00,,
-9.912000e-01,,
-9.889333e-01,,
-9.912000e-01,,
-1.002667e+00,,
-9.889333e-01,,
-9.934667e-01,,
-9.752000e-01,,
-9.729334e-01,,
-9.637333e-01,,
-9.706667e-01,,
-9.706667e-01,,
-9.706667e-01,,
-9.477333e-01,,
-9.592000e-01,,
-9.409333e-01,,
-9.546667e-01,,
-9.409333e-01,,
-9.432000e-01,,
-9.272000e-01,,
-9.317334e-01,,
-9.249333e-01,,
-9.386667e-01,,
-9.042667e-01,,
-9.134667e-01,,
-9.020000e-01,,
-9.042667e-01,,
-8.974667e-01,,
-9.042667e-01,,
-8.882667e-01,,
-8.974667e-01,,
-8.814667e-01,,
-8.837333e-01,,
-8.722667e-01,,
-8.745334e-01,,
-8.630667e-01,,
-8.654667e-01,,
-8.630667e-01,,
-8.608000e-01,,
-8.448000e-01,,
-8.540000e-01,,
-8.448000e-01,,
-8.448000e-01,,
-8.333333e-01,,
-8.333333e-01,,
-8.220000e-01,,
-8.173333e-01,,
-8.128000e-01,,
-8.265333e-01,,
-8.150667e-01,,
-8.128000e-01,,
-8.013334e-01,,
-8.058667e-01,,
-8.058667e-01,,
-8.058667e-01,,
-7.968000e-01,,
-7.898667e-01,,
-7.853333e-01,,
-7.922667e-01,,
-7.670667e-01,,
-7.716000e-01,,
-7.601333e-01,,
-7.578667e-01,,
-7.488000e-01,,
-7.533333e-01,,
-7.556000e-01,,
-7.601333e-01,,
-7.281333e-01,,
-7.488000e-01,,
-7.258667e-01,,
-7.326667e-01,,
-7.166667e-01,,
-7.236000e-01,,
-7.121333e-01,,
-7.190667e-01,,
-7.121333e-01,,
-7.121333e-01,,
-6.984000e-01,,
-6.984000e-01,,
-6.869333e-01,,
-7.006667e-01,,
-6.756000e-01,,
-6.756000e-01,,
-6.641334e-01,,
-6.801333e-01,,
-6.618667e-01,,
-6.824000e-01,,
-6.618667e-01,,
-6.756000e-01,,
-6.434667e-01,,
-6.526667e-01,,
-6.321334e-01,,
-6.572000e-01,,
-6.274667e-01,,
-6.344000e-01,,
-6.274667e-01,,
-6.344000e-01,,
-6.184000e-01,,
-6.229333e-01,,
-5.977333e-01,,
-6.229333e-01,,
-5.954667e-01,,
-6.114666e-01,,
-5.909333e-01,,
-6.000000e-01,,
-5.726666e-01,,
-5.909333e-01,,
-5.726666e-01,,
-5.840000e-01,,
-5.794667e-01,,
-5.817333e-01,,
-5.520000e-01,,
-5.589333e-01,,
-5.520000e-01,,
-5.542667e-01,,
-5.405334e-01,,
-5.497333e-01,,
-5.314667e-01,,
-5.382667e-01,,
-5.200000e-01,,
-5.337334e-01,,
-5.268000e-01,,
-5.245333e-01,,
-5.062667e-01,,
-5.268000e-01,,
-5.085334e-01,,
-5.108000e-01,,
-4.994667e-01,,
-4.994667e-01,,
-4.902667e-01,,
-4.994667e-01,,
-4.833333e-01,,
-4.742667e-01,,
-4.765334e-01,,
-4.833333e-01,,
-4.673333e-01,,
-4.833333e-01,,
-4.628000e-01,,
-4.673333e-01,,
-4.582667e-01,,
-4.582667e-01,,
-4.376000e-01,,
-4.398667e-01,,
-4.285333e-01,,
-4.490667e-01,,
-4.262667e-01,,
-4.353333e-01,,
-4.285333e-01,,
-4.170667e-01,,
-3.965333e-01,,
-4.285333e-01,,
-3.828000e-01,,
-3.965333e-01,,
-3.873333e-01,,
-4.078667e-01,,
-3.965333e-01,,
-4.125333e-01,,
-3.873333e-01,,
-3.988000e-01,,
-3.804000e-01,,
-3.713333e-01,,
-3.621333e-01,,
-3.644000e-01,,
-3.438667e-01,,
-3.506667e-01,,
-3.506667e-01,,
-3.553333e-01,,
-3.393333e-01,,
-3.484000e-01,,
-3.278667e-01,,
-3.324000e-01,,
-3.141333e-01,,
-3.118667e-01,,
-3.072000e-01,,
-3.209333e-01,,
-3.026667e-01,,
-3.141333e-01,,
-3.049333e-01,,
-3.004000e-01,,
-2.934667e-01,,
-3.026667e-01,,
-2.821333e-01,,
-2.821333e-01,,
-2.592000e-01,,
-2.889333e-01,,
-2.706667e-01,,
-2.684000e-01,,
-2.592000e-01,,
-2.614667e-01,,
-2.454667e-01,,
-2.614667e-01,,
-2.454667e-01,,
-2.524000e-01,,
-2.294667e-01,,
-2.340000e-01,,
-2.294667e-01,,
-2.386667e-01,,
-2.134667e-01,,
-2.340000e-01,,
-2.020000e-01,,
-2.157333e-01,,
-2.112000e-01,,
-2.089333e-01,,
-1.769333e-01,,
-1.997333e-01,,
-1.814667e-01,,
-1.952000e-01,,
-1.700000e-01,,
-1.769333e-01,,
-1.745333e-01,,
-1.769333e-01,,
-1.632000e-01,,
-1.814667e-01,,
-1.562667e-01,,
-1.494667e-01,,
-1.448000e-01,,
-1.632000e-01,,
-1.448000e-01,,
-1.494667e-01,,
-1.334667e-01,,
-1.334667e-01,,
-1.288000e-01,,
-1.265333e-01,,
-1.128000e-01,,
-1.197333e-01,,
-1.013333e-01,,
-1.150667e-01,,
-9.000000e-02,,
-1.013333e-01,,
-7.853334e-02,,
-9.453333e-02,,
-7.626667e-02,,
-9.453333e-02,,
-8.306666e-02,,
-7.853334e-02,,
-6.480000e-02,,
-7.853334e-02,,
-5.106667e-02,,
-5.106667e-02,,
-4.413334e-02,,
-5.786667e-02,,
-3.053333e-02,,
-3.506667e-02,,
-2.813333e-02,,
-3.960000e-02,,
-2.133333e-02,,
-3.280000e-02,,
-2.133333e-02,,
-1.213333e-02,,
-3.066667e-03,,
-1.440000e-02,,
+1.293333e-02,,
+1.066667e-02,,
+1.293333e-02,,
+1.066667e-02,,
+2.440000e-02,,
+1.760000e-02,,
+2.440000e-02,,
+3.586667e-02,,
+2.906667e-02,,
+3.360000e-02,,
+4.506667e-02,,
+3.133333e-02,,
+4.506667e-02,,
+5.880000e-02,,
+6.333333e-02,,
+5.880000e-02,,
+6.106667e-02,,
+7.480000e-02,,
+7.480000e-02,,
+7.706667e-02,,
+9.306667e-02,,
+8.613333e-02,,
+1.022667e-01,,
+9.306667e-02,,
+1.022667e-01,,
+9.760000e-02,,
+1.320000e-01,,
+1.045333e-01,,
+1.182667e-01,,
+1.158667e-01,,
+1.320000e-01,,
+1.205333e-01,,
+1.365333e-01,,
+1.365333e-01,,
+1.365333e-01,,
+1.365333e-01,,
+1.525333e-01,,
+1.433333e-01,,
+1.640000e-01,,
+1.480000e-01,,
+1.662667e-01,,
+1.640000e-01,,
+1.685333e-01,,
+1.685333e-01,,
+1.868000e-01,,
+1.730667e-01,,
+1.982667e-01,,
+1.730667e-01,,
+1.937333e-01,,
+1.960000e-01,,
+2.028000e-01,,
+2.052000e-01,,
+2.028000e-01,,
+2.005333e-01,,
+2.165333e-01,,
+2.189333e-01,,
+2.142667e-01,,
+2.280000e-01,,
+2.280000e-01,,
+2.302667e-01,,
+2.509333e-01,,
+2.417333e-01,,
+2.577333e-01,,
+2.577333e-01,,
+2.554667e-01,,
+2.622667e-01,,
+2.600000e-01,,
+2.554667e-01,,
+2.760000e-01,,
+2.737333e-01,,
+2.852000e-01,,
+2.737333e-01,,
+2.966667e-01,,
+2.760000e-01,,
+3.057333e-01,,
+2.897334e-01,,
+3.149333e-01,,
+3.057333e-01,,
+3.172000e-01,,
+3.081333e-01,,
+3.241333e-01,,
+3.057333e-01,,
+3.332000e-01,,
+3.218667e-01,,
+3.538667e-01,,
+3.424000e-01,,
+3.492000e-01,,
+3.469333e-01,,
+3.606667e-01,,
+3.492000e-01,,
+3.676000e-01,,
+3.584000e-01,,
+3.858667e-01,,
+3.721333e-01,,
+3.789333e-01,,
+3.789333e-01,,
+4.018667e-01,,
+3.789333e-01,,
+4.041333e-01,,
+4.110667e-01,,
+4.064000e-01,,
+4.110667e-01,,
+4.086667e-01,,
+4.086667e-01,,
+4.224000e-01,,
+4.270667e-01,,
+4.408000e-01,,
+4.178667e-01,,
+4.498667e-01,,
+4.476000e-01,,
+4.476000e-01,,
+4.338667e-01,,
+4.476000e-01,,
+4.270667e-01,,
+4.568000e-01,,
+4.408000e-01,,
+4.705333e-01,,
+4.476000e-01,,
+4.773333e-01,,
+4.796000e-01,,
+4.888000e-01,,
+4.705333e-01,,
+4.888000e-01,,
+4.750667e-01,,
+4.933333e-01,,
+5.025333e-01,,
+5.162666e-01,,
+4.933333e-01,,
+5.185333e-01,,
+5.048000e-01,,
+5.093333e-01,,
+5.117334e-01,,
+5.368000e-01,,
+5.185333e-01,,
+5.322667e-01,,
+5.345333e-01,,
+5.437334e-01,,
+5.368000e-01,,
+5.574667e-01,,
+5.505334e-01,,
+5.597333e-01,,
+5.482666e-01,,
+5.757334e-01,,
+5.505334e-01,,
+5.712000e-01,,
+5.712000e-01,,
+5.825334e-01,,
+5.940000e-01,,
+6.009333e-01,,
+5.825334e-01,,
+5.985333e-01,,
+6.054667e-01,,
+6.009333e-01,,
+6.054667e-01,,
+6.077334e-01,,
+6.146667e-01,,
+6.192000e-01,,
+6.169333e-01,,
+6.397333e-01,,
+6.214667e-01,,
+6.352000e-01,,
+6.489334e-01,,
+6.489334e-01,,
+6.557333e-01,,
+6.694667e-01,,
+6.581333e-01,,
+6.581333e-01,,
+6.581333e-01,,
+6.786667e-01,,
+6.741334e-01,,
+6.992000e-01,,
+6.717333e-01,,
+7.061334e-01,,
+6.809334e-01,,
+6.924000e-01,,
+6.901333e-01,,
+7.176000e-01,,
+6.946667e-01,,
+7.084000e-01,,
+7.198667e-01,,
+7.289333e-01,,
+7.244000e-01,,
+7.404000e-01,,
+7.176000e-01,,
+7.381334e-01,,
+7.266667e-01,,
+7.426667e-01,,
+7.358667e-01,,
+7.633333e-01,,
+7.518667e-01,,
+7.656000e-01,,
+7.656000e-01,,
+7.656000e-01,,
+7.610667e-01,,
+7.930667e-01,,
+7.633333e-01,,
+7.998667e-01,,
+7.793334e-01,,
+7.908000e-01,,
+7.953333e-01,,
+8.021333e-01,,
+7.930667e-01,,
+8.158666e-01,,
+7.953333e-01,,
+8.090667e-01,,
+8.113334e-01,,
+8.158666e-01,,
+8.228000e-01,,
+8.273333e-01,,
+8.433334e-01,,
+8.570667e-01,,
+8.456000e-01,,
+8.478667e-01,,
+8.365334e-01,,
+8.525333e-01,,
+8.456000e-01,,
+8.685333e-01,,
+8.525333e-01,,
+8.662667e-01,,
+8.708000e-01,,
+8.800000e-01,,
+8.708000e-01,,
+8.937333e-01,,
+8.777333e-01,,
+8.982667e-01,,
+8.937333e-01,,
+9.050667e-01,,
+9.050667e-01,,
+9.165334e-01,,
+9.097334e-01,,
+9.257333e-01,,
+9.165334e-01,,
+9.394667e-01,,
+9.257333e-01,,
+9.372000e-01,,
+9.257333e-01,,
+9.600000e-01,,
+9.440000e-01,,
+9.532000e-01,,
+9.348000e-01,,
+9.645333e-01,,
+9.622667e-01,,
+9.852000e-01,,
+9.782667e-01,,
+9.760000e-01,,
+9.737334e-01,,
+1.005733e+00,,
+9.806667e-01,,
+9.966667e-01,,
+9.989333e-01,,
+1.001200e+00,,
+1.001200e+00,,
+1.019467e+00,,
+1.019467e+00,,
+1.019467e+00,,
+1.017200e+00,,
+1.019467e+00,,
+1.024133e+00,,
+1.028667e+00,,
+1.040133e+00,,
+1.056133e+00,,
+1.042400e+00,,
+1.058400e+00,,
+1.051467e+00,,
+1.053867e+00,,
+1.053867e+00,,
+1.067467e+00,,
+1.065200e+00,,
+1.076667e+00,,
+1.065200e+00,,
+1.088133e+00,,
+1.072133e+00,,
+1.097333e+00,,
+1.085867e+00,,
+1.106400e+00,,
+1.097333e+00,,
+1.120133e+00,,
+1.108667e+00,,
+1.106400e+00,,
+1.113333e+00,,
+1.124667e+00,,
+1.120133e+00,,
+1.120133e+00,,
+1.122400e+00,,
+1.140667e+00,,
+1.140667e+00,,
+1.138400e+00,,
+1.147600e+00,,
+1.147600e+00,,
+1.152133e+00,,
+1.165867e+00,,
+1.163600e+00,,
+1.172800e+00,,
+1.156800e+00,,
+1.177333e+00,,
+1.161333e+00,,
+1.188800e+00,,
+1.184133e+00,,
+1.197867e+00,,
+1.193333e+00,,
+1.188800e+00,,
+1.191067e+00,,
+1.204800e+00,,
+1.197867e+00,,
+1.220800e+00,,
+1.216267e+00,,
+1.234533e+00,,
+1.211600e+00,,
+1.225333e+00,,
+1.216267e+00,,
+1.246000e+00,,
+1.227600e+00,,
+1.241333e+00,,
+1.246000e+00,,
+1.268800e+00,,
+1.248267e+00,,
+1.268800e+00,,
+1.259733e+00,,
+1.278000e+00,,
+1.271067e+00,,
+1.287067e+00,,
+1.266533e+00,,
+1.300800e+00,,
+1.287067e+00,,
+1.300800e+00,,
+1.291733e+00,,
+1.316933e+00,,
+1.298533e+00,,
+1.314533e+00,,
+1.316933e+00,,
+1.323733e+00,,
+1.310000e+00,,
+1.316933e+00,,
+1.310000e+00,,
+1.332933e+00,,
+1.344267e+00,,
+1.344267e+00,,
+1.355733e+00,,
+1.362667e+00,,
+1.344267e+00,,
+1.355733e+00,,
+1.351200e+00,,
+1.369467e+00,,
+1.358000e+00,,
+1.387733e+00,,
+1.378667e+00,,
+1.394667e+00,,
+1.390133e+00,,
+1.394667e+00,,
+1.378667e+00,,
+1.412933e+00,,
+1.387733e+00,,
+1.408400e+00,,
+1.399200e+00,,
+1.435867e+00,,
+1.419867e+00,,
+1.431200e+00,,
+1.424400e+00,,
+1.435867e+00,,
+1.422133e+00,,
+1.444933e+00,,
+1.442667e+00,,
+1.451867e+00,,
+1.447200e+00,,
+1.456400e+00,,
+1.458667e+00,,
+1.465600e+00,,
+1.447200e+00,,
+1.472400e+00,,
+1.465600e+00,,
+1.476933e+00,,
+1.486133e+00,,
+1.486133e+00,,
+1.486133e+00,,
+1.502133e+00,,
+1.493067e+00,,
+1.497600e+00,,
+1.481600e+00,,
+1.502133e+00,,
+1.504400e+00,,
+1.525067e+00,,
+1.515867e+00,,
+1.527333e+00,,
+1.525067e+00,,
+1.525067e+00,,
+1.531867e+00,,
+1.543333e+00,,
+1.538800e+00,,
+1.559333e+00,,
+1.543333e+00,,
+1.568533e+00,,
+1.568533e+00,,
+1.566267e+00,,
+1.566267e+00,,
+1.584533e+00,,
+1.561600e+00,,
+1.577600e+00,,
+1.584533e+00,,
+1.593600e+00,,
+1.586800e+00,,
+1.609733e+00,,
+1.609733e+00,,
+1.623333e+00,,
+1.614267e+00,,
+1.630267e+00,,
+1.612000e+00,,
+1.632533e+00,,
+1.625733e+00,,
+1.634800e+00,,
+1.612000e+00,,
+1.630267e+00,,
+1.641733e+00,,
+1.655467e+00,,
+1.644000e+00,,
+1.666800e+00,,
+1.653067e+00,,
+1.657733e+00,,
+1.648533e+00,,
+1.671467e+00,,
+1.669200e+00,,
+1.680533e+00,,
+1.676000e+00,,
+1.685200e+00,,
+1.682933e+00,,
+1.696533e+00,,
+1.696533e+00,,
+1.701200e+00,,
+1.705733e+00,,
+1.728667e+00,,
+1.710267e+00,,
+1.724000e+00,,
+1.726267e+00,,
+1.740000e+00,,
+1.730933e+00,,
+1.742400e+00,,
+1.735467e+00,,
+1.753733e+00,,
+1.740000e+00,,
+1.744667e+00,,
+1.740000e+00,,
+1.753733e+00,,
+1.762933e+00,,
+1.781200e+00,,
+1.767467e+00,,
+1.778933e+00,,
+1.772133e+00,,
+1.778933e+00,,
+1.778933e+00,,
+1.794933e+00,,
+1.774400e+00,,
+1.790400e+00,,
+1.806400e+00,,
+1.815600e+00,,
+1.815600e+00,,
+1.822400e+00,,
+1.813200e+00,,
+1.826933e+00,,
+1.829333e+00,,
+1.831600e+00,,
+1.831600e+00,,
+1.852133e+00,,
+1.836133e+00,,
+1.842933e+00,,
+1.847600e+00,,
+1.859067e+00,,
+1.859067e+00,,
+1.861333e+00,,
+1.847600e+00,,
+1.884133e+00,,
+1.865867e+00,,
+1.886400e+00,,
+1.865867e+00,,
+1.877333e+00,,
+1.881867e+00,,
+1.895600e+00,,
+1.886400e+00,,
+1.904800e+00,,
+1.900133e+00,,
+1.923067e+00,,
+1.897867e+00,,
+1.916133e+00,,
+1.913867e+00,,
+1.918533e+00,,
+1.923067e+00,,
+1.927600e+00,,
+1.923067e+00,,
+1.943600e+00,,
+1.945867e+00,,
+1.964267e+00,,
+1.948267e+00,,
+1.955067e+00,,
+1.950533e+00,,
+1.964267e+00,,
+1.950533e+00,,
+1.975733e+00,,
+1.973333e+00,,
+1.987067e+00,,
+1.973333e+00,,
+1.978000e+00,,
+1.989333e+00,,
+2.003067e+00,,
+1.994000e+00,,
+2.007733e+00,,
+2.003067e+00,,
+2.012267e+00,,
+2.012267e+00,,
+2.019067e+00,,
+2.019067e+00,,
+2.021467e+00,,
+2.035200e+00,,
+2.037467e+00,,
+2.035200e+00,,
+2.046533e+00,,
+2.058000e+00,,
+2.046533e+00,,
+2.051200e+00,,
+2.064933e+00,,
+2.053467e+00,,
+2.071733e+00,,
+2.080933e+00,,
+2.085467e+00,,
+2.074000e+00,,
+2.090000e+00,,
+2.085467e+00,,
+2.108400e+00,,
+2.096933e+00,,
+2.112933e+00,,
+2.099200e+00,,
+2.119733e+00,,
+2.106000e+00,,
+2.117467e+00,,
+2.122133e+00,,
+2.131200e+00,,
+2.128933e+00,,
+2.135733e+00,,
+2.138133e+00,,
+2.135733e+00,,
+2.140400e+00,,
+2.158667e+00,,
+2.160933e+00,,
+2.170133e+00,,
+2.167867e+00,,
+2.165467e+00,,
+2.172400e+00,,
+2.170133e+00,,
+2.197600e+00,,
+2.181600e+00,,
+2.188400e+00,,
+2.192933e+00,,
+2.186133e+00,,
+2.213600e+00,,
+2.197600e+00,,
+2.225067e+00,,
+2.213600e+00,,
+2.229600e+00,,
+2.220400e+00,,
+2.234133e+00,,
+2.222667e+00,,
+2.236400e+00,,
+2.241067e+00,,
+2.243333e+00,,
+2.236400e+00,,
+2.254800e+00,,
+2.254800e+00,,
+2.254800e+00,,
+2.250133e+00,,
+2.273067e+00,,
+2.266133e+00,,
+2.277600e+00,,
+2.261600e+00,,
+2.284533e+00,,
+2.284533e+00,,
+2.289067e+00,,
+2.289067e+00,,
+2.295867e+00,,
+2.307333e+00,,
+2.311867e+00,,
+2.302800e+00,,
+2.311867e+00,,
+2.314267e+00,,
+2.328000e+00,,
+2.311867e+00,,
+2.328000e+00,,
+2.321067e+00,,
+2.346267e+00,,
+2.334800e+00,,
+2.360000e+00,,
+2.337067e+00,,
+2.350800e+00,,
+2.339333e+00,,
+2.360000e+00,,
+2.357733e+00,,
+2.369067e+00,,
+2.373733e+00,,
+2.382800e+00,,
+2.385067e+00,,
+2.401200e+00,,
+2.373733e+00,,
+2.396533e+00,,
+2.392000e+00,,
+2.408000e+00,,
+2.401200e+00,,
+2.417200e+00,,
+2.419467e+00,,
+2.424000e+00,,
+2.419467e+00,,
+2.430933e+00,,
+2.421733e+00,,
+2.453733e+00,,
+2.428533e+00,,
+2.453733e+00,,
+2.449200e+00,,
+2.456000e+00,,
+2.453733e+00,,
+2.469733e+00,,
+2.449200e+00,,
+2.453733e+00,,
+2.446933e+00,,
+2.442267e+00,,
+2.442267e+00,,
+2.451467e+00,,
+2.430933e+00,,
+2.424000e+00,,
+2.412533e+00,,
+2.421733e+00,,
+2.405733e+00,,
+2.414933e+00,,
+2.401200e+00,,
+2.403467e+00,,
+2.389733e+00,,
+2.387467e+00,,
+2.376000e+00,,
+2.385067e+00,,
+2.369067e+00,,
+2.380533e+00,,
+2.366800e+00,,
+2.380533e+00,,
+2.355333e+00,,
+2.373733e+00,,
+2.353067e+00,,
+2.360000e+00,,
+2.344000e+00,,
+2.353067e+00,,
+2.348533e+00,,
+2.346267e+00,,
+2.334800e+00,,
+2.339333e+00,,
+2.328000e+00,,
+2.334800e+00,,
+2.316533e+00,,
+2.316533e+00,,
+2.316533e+00,,
+2.318800e+00,,
+2.302800e+00,,
+2.314267e+00,,
+2.289067e+00,,
+2.293600e+00,,
+2.275333e+00,,
+2.284533e+00,,
+2.275333e+00,,
+2.282133e+00,,
+2.279867e+00,,
+2.273067e+00,,
+2.266133e+00,,
+2.263867e+00,,
+2.250133e+00,,
+2.261600e+00,,
+2.252400e+00,,
+2.247867e+00,,
+2.231867e+00,,
+2.243333e+00,,
+2.238667e+00,,
+2.236400e+00,,
+2.220400e+00,,
+2.227333e+00,,
+2.211333e+00,,
+2.211333e+00,,
+2.202133e+00,,
+2.202133e+00,,
+2.197600e+00,,
+2.208933e+00,,
+2.192933e+00,,
+2.208933e+00,,
+2.174667e+00,,
+2.199867e+00,,
+2.163200e+00,,
+2.167867e+00,,
+2.151867e+00,,
+2.170133e+00,,
+2.156400e+00,,
+2.170133e+00,,
+2.149467e+00,,
+2.147200e+00,,
+2.147200e+00,,
+2.138133e+00,,
+2.122133e+00,,
+2.144933e+00,,
+2.126667e+00,,
+2.112933e+00,,
+2.115200e+00,,
+2.122133e+00,,
+2.117467e+00,,
+2.119733e+00,,
+2.099200e+00,,
+2.094667e+00,,
+2.080933e+00,,
+2.092267e+00,,
+2.090000e+00,,
+2.090000e+00,,
+2.087733e+00,,
+2.069467e+00,,
+2.080933e+00,,
+2.083200e+00,,
+2.058000e+00,,
+2.069467e+00,,
+2.046533e+00,,
+2.051200e+00,,
+2.039733e+00,,
+2.046533e+00,,
+2.026000e+00,,
+2.046533e+00,,
+2.028267e+00,,
+2.028267e+00,,
+2.023733e+00,,
+2.028267e+00,,
+2.003067e+00,,
+2.019067e+00,,
+2.003067e+00,,
+2.012267e+00,,
+1.978000e+00,,
+2.000800e+00,,
+1.980267e+00,,
+1.994000e+00,,
+1.996267e+00,,
+1.984800e+00,,
+1.978000e+00,,
+1.975733e+00,,
+1.959600e+00,,
+1.964267e+00,,
+1.950533e+00,,
+1.962000e+00,,
+1.945867e+00,,
+1.955067e+00,,
+1.950533e+00,,
+1.932267e+00,,
+1.932267e+00,,
+1.934533e+00,,
+1.939067e+00,,
+1.934533e+00,,
+1.932267e+00,,
+1.932267e+00,,
+1.900133e+00,,
+1.920800e+00,,
+1.913867e+00,,
+1.907067e+00,,
+1.879600e+00,,
+1.900133e+00,,
+1.888800e+00,,
+1.877333e+00,,
+1.888800e+00,,
+1.872667e+00,,
+1.870400e+00,,
+1.875067e+00,,
+1.865867e+00,,
+1.863600e+00,,
+1.861333e+00,,
+1.870400e+00,,
+1.838400e+00,,
+1.842933e+00,,
+1.840667e+00,,
+1.840667e+00,,
+1.836133e+00,,
+1.836133e+00,,
+1.824667e+00,,
+1.836133e+00,,
+1.815600e+00,,
+1.820133e+00,,
+1.817867e+00,,
+1.810933e+00,,
+1.792667e+00,,
+1.808667e+00,,
+1.790400e+00,,
+1.804133e+00,,
+1.781200e+00,,
+1.790400e+00,,
+1.778933e+00,,
+1.783467e+00,,
+1.765200e+00,,
+1.776667e+00,,
+1.772133e+00,,
+1.758400e+00,,
+1.749200e+00,,
+1.746933e+00,,
+1.737733e+00,,
+1.751467e+00,,
+1.730933e+00,,
+1.746933e+00,,
+1.728667e+00,,
+1.735467e+00,,
+1.717200e+00,,
+1.719467e+00,,
+1.714933e+00,,
+1.710267e+00,,
+1.703467e+00,,
+1.705733e+00,,
+1.698933e+00,,
+1.701200e+00,,
+1.692000e+00,,
+1.696533e+00,,
+1.660000e+00,,
+1.662267e+00,,
+1.666800e+00,,
+1.673733e+00,,
+1.664533e+00,,
+1.655467e+00,,
+1.655467e+00,,
+1.673733e+00,,
+1.650800e+00,,
+1.662267e+00,,
+1.646267e+00,,
+1.639467e+00,,
+1.628000e+00,,
+1.637067e+00,,
+1.616533e+00,,
+1.641733e+00,,
+1.612000e+00,,
+1.621067e+00,,
+1.605067e+00,,
+1.605067e+00,,
+1.600533e+00,,
+1.598267e+00,,
+1.591333e+00,,
+1.593600e+00,,
+1.586800e+00,,
+1.589067e+00,,
+1.566267e+00,,
+1.589067e+00,,
+1.563867e+00,,
+1.568533e+00,,
+1.559333e+00,,
+1.559333e+00,,
+1.545600e+00,,
+1.559333e+00,,
+1.543333e+00,,
+1.543333e+00,,
+1.545600e+00,,
+1.538800e+00,,
+1.536533e+00,,
+1.536533e+00,,
+1.518133e+00,,
+1.504400e+00,,
+1.509067e+00,,
+1.504400e+00,,
+1.497600e+00,,
+1.495333e+00,,
+1.486133e+00,,
+1.502133e+00,,
+1.497600e+00,,
+1.490667e+00,,
+1.502133e+00,,
+1.490667e+00,,
+1.479333e+00,,
+1.472400e+00,,
+1.451867e+00,,
+1.460933e+00,,
+1.447200e+00,,
+1.442667e+00,,
+1.447200e+00,,
+1.444933e+00,,
+1.444933e+00,,
+1.442667e+00,,
+1.433467e+00,,
+1.435867e+00,,
+1.417467e+00,,
+1.424400e+00,,
+1.408400e+00,,
+1.419867e+00,,
+1.406133e+00,,
+1.399200e+00,,
+1.396933e+00,,
+1.401467e+00,,
+1.378667e+00,,
+1.408400e+00,,
+1.390133e+00,,
+1.371733e+00,,
+1.362667e+00,,
+1.374000e+00,,
+1.364933e+00,,
+1.362667e+00,,
+1.355733e+00,,
+1.378667e+00,,
+1.342000e+00,,
+1.351200e+00,,
+1.328267e+00,,
+1.358000e+00,,
+1.326000e+00,,
+1.328267e+00,,
+1.326000e+00,,
+1.323733e+00,,
+1.314533e+00,,
+1.328267e+00,,
+1.314533e+00,,
+1.330533e+00,,
+1.314533e+00,,
+1.319200e+00,,
+1.291733e+00,,
+1.305467e+00,,
+1.278000e+00,,
+1.310000e+00,,
+1.273467e+00,,
+1.294000e+00,,
+1.275733e+00,,
+1.273467e+00,,
+1.257333e+00,,
+1.264267e+00,,
+1.250533e+00,,
+1.257333e+00,,
+1.243733e+00,,
+1.246000e+00,,
+1.234533e+00,,
+1.243733e+00,,
+1.225333e+00,,
+1.239067e+00,,
+1.230000e+00,,
+1.220800e+00,,
+1.195600e+00,,
+1.211600e+00,,
+1.202533e+00,,
+1.216267e+00,,
+1.200267e+00,,
+1.211600e+00,,
+1.181867e+00,,
+1.197867e+00,,
+1.184133e+00,,
+1.179600e+00,,
+1.177333e+00,,
+1.168133e+00,,
+1.147600e+00,,
+1.170533e+00,,
+1.161333e+00,,
+1.175067e+00,,
+1.159067e+00,,
+1.154400e+00,,
+1.133867e+00,,
+1.131600e+00,,
+1.131600e+00,,
+1.117867e+00,,
+1.124667e+00,,
+1.136133e+00,,
+1.120133e+00,,
+1.129333e+00,,
+1.120133e+00,,
+1.117867e+00,,
+1.104133e+00,,
+1.104133e+00,,
+1.088133e+00,,
+1.092667e+00,,
+1.083600e+00,,
+1.081200e+00,,
+1.074400e+00,,
+1.081200e+00,,
+1.076667e+00,,
+1.067467e+00,,
+1.076667e+00,,
+1.062933e+00,,
+1.051467e+00,,
+1.062933e+00,,
+1.042400e+00,,
+1.051467e+00,,
+1.035467e+00,,
+1.046933e+00,,
+1.012667e+00,,
+1.033200e+00,,
+1.024133e+00,,
+1.028667e+00,,
+1.017200e+00,,
+1.012667e+00,,
+1.012667e+00,,
+1.017200e+00,,
+9.874667e-01,,
+1.012667e+00,,
+9.966667e-01,,
+1.008000e+00,,
+9.852000e-01,,
+9.897333e-01,,
+9.714667e-01,,
+9.852000e-01,,
+9.669334e-01,,
+9.737334e-01,,
+9.669334e-01,,
+9.714667e-01,,
+9.600000e-01,,
+9.554667e-01,,
+9.417334e-01,,
+9.485334e-01,,
+9.372000e-01,,
+9.394667e-01,,
+9.325333e-01,,
+9.302667e-01,,
+9.234667e-01,,
+9.280000e-01,,
+9.097334e-01,,
+9.120000e-01,,
+9.028000e-01,,
+9.120000e-01,,
+8.982667e-01,,
+8.960000e-01,,
+8.868000e-01,,
+8.890667e-01,,
+8.753334e-01,,
+8.890667e-01,,
+8.708000e-01,,
+8.777333e-01,,
+8.570667e-01,,
+8.662667e-01,,
+8.570667e-01,,
+8.616000e-01,,
+8.478667e-01,,
+8.593333e-01,,
+8.456000e-01,,
+8.433334e-01,,
+8.250667e-01,,
+8.273333e-01,,
+8.228000e-01,,
+8.250667e-01,,
+8.136000e-01,,
+8.136000e-01,,
+8.113334e-01,,
+8.136000e-01,,
+7.953333e-01,,
+7.930667e-01,,
+7.908000e-01,,
+8.021333e-01,,
+7.770666e-01,,
+7.838667e-01,,
+7.793334e-01,,
+7.656000e-01,,
+7.564000e-01,,
+7.564000e-01,,
+7.426667e-01,,
+7.586667e-01,,
+7.381334e-01,,
+7.633333e-01,,
+7.336000e-01,,
+7.518667e-01,,
+7.221333e-01,,
+7.404000e-01,,
+7.244000e-01,,
+7.244000e-01,,
+7.106667e-01,,
+7.198667e-01,,
+7.084000e-01,,
+7.176000e-01,,
+6.901333e-01,,
+6.969333e-01,,
+6.946667e-01,,
+7.038667e-01,,
+6.878667e-01,,
+6.854666e-01,,
+6.854666e-01,,
+6.809334e-01,,
+6.672000e-01,,
+6.626667e-01,,
+6.649333e-01,,
+6.466666e-01,,
+6.444000e-01,,
+6.626667e-01,,
+6.444000e-01,,
+6.581333e-01,,
+6.352000e-01,,
+6.466666e-01,,
+6.237333e-01,,
+6.329333e-01,,
+6.374667e-01,,
+6.192000e-01,,
+6.122667e-01,,
+6.214667e-01,,
+6.122667e-01,,
+6.077334e-01,,
+5.985333e-01,,
+6.122667e-01,,
+5.802667e-01,,
+5.872000e-01,,
+5.802667e-01,,
+5.940000e-01,,
+5.712000e-01,,
+5.802667e-01,,
+5.665333e-01,,
+5.712000e-01,,
+5.642667e-01,,
+5.688000e-01,,
+5.528000e-01,,
+5.528000e-01,,
+5.550666e-01,,
+5.345333e-01,,
+5.322667e-01,,
+5.460000e-01,,
+5.185333e-01,,
+5.277333e-01,,
+5.208000e-01,,
+5.208000e-01,,
+4.980000e-01,,
+5.140000e-01,,
+5.002667e-01,,
+5.117334e-01,,
+5.025333e-01,,
+5.002667e-01,,
+4.750667e-01,,
+4.933333e-01,,
+4.773333e-01,,
+4.842667e-01,,
+4.590667e-01,,
+4.842667e-01,,
+4.590667e-01,,
+4.682667e-01,,
+4.568000e-01,,
+4.568000e-01,,
+4.385333e-01,,
+4.430667e-01,,
+4.338667e-01,,
+4.361333e-01,,
+4.178667e-01,,
+4.361333e-01,,
+4.133333e-01,,
+4.224000e-01,,
+4.178667e-01,,
+4.201334e-01,,
+4.018667e-01,,
+4.086667e-01,,
+3.904000e-01,,
+4.018667e-01,,
+3.950667e-01,,
+3.996000e-01,,
+3.766667e-01,,
+3.926667e-01,,
+3.858667e-01,,
+3.858667e-01,,
+3.653333e-01,,
+3.721333e-01,,
+3.538667e-01,,
+3.584000e-01,,
+3.538667e-01,,
+3.629333e-01,,
+3.378667e-01,,
+3.538667e-01,,
+3.378667e-01,,
+3.332000e-01,,
+3.309333e-01,,
+3.354667e-01,,
+3.081333e-01,,
+3.172000e-01,,
+3.126667e-01,,
+3.264000e-01,,
+3.194667e-01,,
+3.012000e-01,,
+2.989333e-01,,
+3.057333e-01,,
+2.897334e-01,,
+2.944000e-01,,
+2.737333e-01,,
+2.784000e-01,,
+2.692000e-01,,
+2.646667e-01,,
+2.600000e-01,,
+2.737333e-01,,
+2.532000e-01,,
+2.669333e-01,,
+2.532000e-01,,
+2.532000e-01,,
+2.372000e-01,,
+2.372000e-01,,
+2.372000e-01,,
+2.349333e-01,,
+2.189333e-01,,
+2.257333e-01,,
+2.074667e-01,,
+2.212000e-01,,
+2.005333e-01,,
+2.142667e-01,,
+1.960000e-01,,
+2.028000e-01,,
+1.845333e-01,,
+1.982667e-01,,
+1.845333e-01,,
+1.890667e-01,,
+1.754667e-01,,
+1.777333e-01,,
+1.617333e-01,,
+1.708000e-01,,
+1.502667e-01,,
+1.525333e-01,,
+1.457333e-01,,
+1.548000e-01,,
+1.388000e-01,,
+1.593333e-01,,
+1.388000e-01,,
+1.342667e-01,,
+1.205333e-01,,
+1.342667e-01,,
+1.090667e-01,,
+1.296000e-01,,
+1.045333e-01,,
+1.022667e-01,,
+8.613333e-02,,
+9.306667e-02,,
+9.760000e-02,,
+1.045333e-01,,
+7.933334e-02,,
+8.853333e-02,,
+6.333333e-02,,
+9.080000e-02,,
+5.186667e-02,,
+6.786667e-02,,
+7.013334e-02,,
+7.253333e-02,,
+6.333333e-02,,
+6.106667e-02,,
+4.040000e-02,,
+4.960000e-02,,
+3.813333e-02,,
+4.733333e-02,,
+2.440000e-02,,
+2.906667e-02,,
+8.400000e-03,,
+1.760000e-02,,
+1.066667e-02,,
+2.213333e-02,,
+8.400000e-03,,
+1.293333e-02,,
+1.600000e-03,,
+1.600000e-03,,
-1.680000e-02,,
-1.213333e-02,,
-1.680000e-02,,
-1.213333e-02,,
-3.053333e-02,,
-1.906667e-02,,
-2.813333e-02,,
-3.053333e-02,,
-3.960000e-02,,
-3.280000e-02,,
-5.106667e-02,,
-6.706667e-02,,
-6.253333e-02,,
-6.480000e-02,,
-6.706667e-02,,
-6.026667e-02,,
-8.306666e-02,,
-7.853334e-02,,
-8.080000e-02,,
-8.760000e-02,,
-9.680000e-02,,
-1.105333e-01,,
-9.680000e-02,,
-1.037333e-01,,
-1.265333e-01,,
-1.013333e-01,,
-1.150667e-01,,
-1.242667e-01,,
-1.288000e-01,,
-1.242667e-01,,
-1.425333e-01,,
-1.357333e-01,,
-1.380000e-01,,
-1.288000e-01,,
-1.562667e-01,,
-1.380000e-01,,
-1.722667e-01,,
-1.632000e-01,,
-1.837333e-01,,
-1.654667e-01,,
-1.814667e-01,,
-1.677333e-01,,
-1.792000e-01,,
-1.792000e-01,,
-1.769333e-01,,
-1.905333e-01,,
-2.066667e-01,,
-1.860000e-01,,
-2.066667e-01,,
-2.020000e-01,,
-2.272000e-01,,
-2.112000e-01,,
-2.249333e-01,,
-2.317333e-01,,
-2.340000e-01,,
-2.272000e-01,,
-2.501333e-01,,
-2.294667e-01,,
-2.614667e-01,,
-2.432000e-01,,
-2.637333e-01,,
-2.524000e-01,,
-2.684000e-01,,
-2.637333e-01,,
-2.821333e-01,,
-2.684000e-01,,
-2.774667e-01,,
-2.866667e-01,,
-3.049333e-01,,
-2.866667e-01,,
-3.186667e-01,,
-2.866667e-01,,
-3.164000e-01,,
-3.026667e-01,,
-3.118667e-01,,
-3.096000e-01,,
-3.256000e-01,,
-3.278667e-01,,
-3.346667e-01,,
-3.209333e-01,,
-3.484000e-01,,
-3.346667e-01,,
-3.461334e-01,,
-3.393333e-01,,
-3.690667e-01,,
-3.598667e-01,,
-3.644000e-01,,
-3.506667e-01,,
-3.666667e-01,,
-3.666667e-01,,
-3.965333e-01,,
-3.713333e-01,,
-3.988000e-01,,
-3.758667e-01,,
-4.101333e-01,,
-3.988000e-01,,
-3.941333e-01,,
-3.941333e-01,,
-4.125333e-01,,
-3.988000e-01,,
-4.216000e-01,,
-4.193333e-01,,
-4.193333e-01,,
-4.238667e-01,,
-4.422667e-01,,
-4.285333e-01,,
-4.468000e-01,,
-4.308000e-01,,
-4.490667e-01,,
-4.445333e-01,,
-4.650667e-01,,
-4.445333e-01,,
-4.810667e-01,,
-4.490667e-01,,
-4.788000e-01,,
-4.605334e-01,,
-4.833333e-01,,
-4.788000e-01,,
-4.948000e-01,,
-4.810667e-01,,
-5.040000e-01,,
-5.040000e-01,,
-4.970667e-01,,
-5.130666e-01,,
-5.200000e-01,,
-5.017334e-01,,
-5.177333e-01,,
-5.177333e-01,,
-5.337334e-01,,
-5.245333e-01,,
-5.542667e-01,,
-5.360000e-01,,
-5.542667e-01,,
-5.474667e-01,,
-5.565333e-01,,
-5.520000e-01,,
-5.474667e-01,,
-5.520000e-01,,
-5.772000e-01,,
-5.726666e-01,,
-5.840000e-01,,
-5.749334e-01,,
-5.954667e-01,,
-5.862667e-01,,
-5.932000e-01,,
-5.862667e-01,,
-6.024000e-01,,
-5.909333e-01,,
-6.114666e-01,,
-6.092000e-01,,
-6.229333e-01,,
-6.024000e-01,,
-6.297333e-01,,
-6.184000e-01,,
-6.297333e-01,,
-6.206667e-01,,
-6.297333e-01,,
-6.252000e-01,,
-6.389334e-01,,
-6.434667e-01,,
-6.618667e-01,,
-6.549333e-01,,
-6.686667e-01,,
-6.594667e-01,,
-6.801333e-01,,
-6.594667e-01,,
-6.801333e-01,,
-6.846667e-01,,
-6.869333e-01,,
-6.869333e-01,,
-6.869333e-01,,
-7.053334e-01,,
-7.076000e-01,,
-6.984000e-01,,
-6.961333e-01,,
-6.961333e-01,,
-7.190667e-01,,
-7.166667e-01,,
-7.258667e-01,,
-7.121333e-01,,
-7.236000e-01,,
-7.350667e-01,,
-7.350667e-01,,
-7.258667e-01,,
-7.441334e-01,,
-7.418666e-01,,
-7.510667e-01,,
-7.510667e-01,,
-7.578667e-01,,
-7.625334e-01,,
-7.761334e-01,,
-7.785333e-01,,
-7.808000e-01,,
-7.785333e-01,,
-7.785333e-01,,
-7.968000e-01,,
-7.922667e-01,,
-7.945334e-01,,
-8.036000e-01,,
-8.082667e-01,,
-8.220000e-01,,
-8.220000e-01,,
-8.220000e-01,,
-8.058667e-01,,
-8.333333e-01,,
-8.173333e-01,,
-8.357334e-01,,
-8.333333e-01,,
-8.493333e-01,,
-8.425333e-01,,
-8.517333e-01,,
-8.517333e-01,,
-8.700000e-01,,
-8.562667e-01,,
-8.882667e-01,,
-8.677334e-01,,
-8.928000e-01,,
-8.814667e-01,,
-9.020000e-01,,
-8.790667e-01,,
-9.020000e-01,,
-8.952000e-01,,
-9.042667e-01,,
-8.974667e-01,,
-9.157333e-01,,
-9.042667e-01,,
-9.157333e-01,,
-9.089333e-01,,
-9.272000e-01,,
-9.409333e-01,,
-9.409333e-01,,
-9.386667e-01,,
-9.500000e-01,,
-9.340000e-01,,
-9.660000e-01,,
-9.477333e-01,,
-9.592000e-01,,
-9.569333e-01,,
-9.684000e-01,,
-9.706667e-01,,
-9.821333e-01,,
-9.706667e-01,,
-9.934667e-01,,
-9.866667e-01,,
-9.934667e-01,,
-9.934667e-01,,
-1.000400e+00,,
-9.866667e-01,,
-1.014133e+00,,
-1.002667e+00,,
-1.030133e+00,,
-1.020933e+00,,
-1.023200e+00,,
-1.020933e+00,,
-1.034667e+00,,
-1.018667e+00,,
-1.041600e+00,,
-1.046133e+00,,
-1.050667e+00,,
-1.041600e+00,,
-1.052933e+00,,
-1.050667e+00,,
-1.068933e+00,,
-1.055333e+00,,
-1.073600e+00,,
-1.066667e+00,,
-1.085067e+00,,
-1.082667e+00,,
-1.082667e+00,,
-1.075867e+00,,
-1.096400e+00,,
-1.089600e+00,,
-1.105600e+00,,
-1.098667e+00,,
-1.114800e+00,,
-1.110133e+00,,
-1.135333e+00,,
-1.121600e+00,,
-1.126133e+00,,
-1.121600e+00,,
-1.133067e+00,,
-1.133067e+00,,
-1.144533e+00,,
-1.139867e+00,,
-1.144533e+00,,
-1.142133e+00,,
-1.153600e+00,,
-1.167333e+00,,
-1.181067e+00,,
-1.169600e+00,,
-1.178800e+00,,
-1.167333e+00,,
-1.190267e+00,,
-1.171867e+00,,
-1.204000e+00,,
-1.185600e+00,,
-1.210800e+00,,
-1.197067e+00,,
-1.199333e+00,,
-1.210800e+00,,
-1.220000e+00,,
-1.210800e+00,,
-1.222267e+00,,
-1.226800e+00,,
-1.229067e+00,,
-1.224533e+00,,
-1.242800e+00,,
-1.236000e+00,,
-1.245067e+00,,
-1.252000e+00,,
-1.258800e+00,,
-1.252000e+00,,
-1.270267e+00,,
-1.252000e+00,,
-1.274933e+00,,
-1.263467e+00,,
-1.290933e+00,,
-1.281733e+00,,
-1.288533e+00,,
-1.277200e+00,,
-1.300000e+00,,
-1.286267e+00,,
-1.309200e+00,,
-1.281733e+00,,
-1.304667e+00,,
-1.309200e+00,,
-1.332000e+00,,
-1.313733e+00,,
-1.336667e+00,,
-1.316000e+00,,
-1.332000e+00,,
-1.336667e+00,,
-1.350400e+00,,
-1.336667e+00,,
-1.366400e+00,,
-1.352667e+00,,
-1.366400e+00,,
-1.357200e+00,,
-1.377867e+00,,
-1.352667e+00,,
-1.377867e+00,,
-1.375467e+00,,
-1.398400e+00,,
-1.382400e+00,,
-1.396133e+00,,
-1.377867e+00,,
-1.412133e+00,,
-1.386933e+00,,
-1.428133e+00,,
-1.412133e+00,,
-1.423600e+00,,
-1.405200e+00,,
-1.439600e+00,,
-1.409867e+00,,
-1.446400e+00,,
-1.437333e+00,,
-1.446400e+00,,
-1.437333e+00,,
-1.462400e+00,,
-1.444133e+00,,
-1.462400e+00,,
-1.448667e+00,,
-1.480800e+00,,
-1.473867e+00,,
-1.473867e+00,,
-1.471600e+00,,
-1.494533e+00,,
-1.478400e+00,,
-1.503600e+00,,
-1.489867e+00,,
-1.501333e+00,,
-1.489867e+00,,
-1.510533e+00,,
-1.499067e+00,,
-1.521867e+00,,
-1.517333e+00,,
-1.521867e+00,,
-1.521867e+00,,
-1.526533e+00,,
-1.531067e+00,,
-1.542533e+00,,
-1.515067e+00,,
-1.537867e+00,,
-1.547067e+00,,
-1.551600e+00,,
-1.547067e+00,,
-1.556267e+00,,
-1.558533e+00,,
-1.574533e+00,,
-1.574533e+00,,
-1.579067e+00,,
-1.579067e+00,,
-1.590533e+00,,
-1.570000e+00,,
-1.586000e+00,,
-1.590533e+00,,
-1.599733e+00,,
-1.608800e+00,,
-1.615733e+00,,
-1.608800e+00,,
-1.620267e+00,,
-1.620267e+00,,
-1.638533e+00,,
-1.618000e+00,,
-1.634000e+00,,
-1.620267e+00,,
-1.638533e+00,,
-1.638533e+00,,
-1.656933e+00,,
-1.659200e+00,,
-1.672933e+00,,
-1.645467e+00,,
-1.672933e+00,,
-1.661467e+00,,
-1.679733e+00,,
-1.677467e+00,,
-1.698000e+00,,
-1.675200e+00,,
-1.698000e+00,,
-1.698000e+00,,
-1.702667e+00,,
-1.693467e+00,,
-1.718667e+00,,
-1.704933e+00,,
-1.720933e+00,,
-1.704933e+00,,
-1.727733e+00,,
-1.702667e+00,,
-1.730133e+00,,
-1.732400e+00,,
-1.750667e+00,,
-1.734667e+00,,
-1.739200e+00,,
-1.739200e+00,,
-1.748400e+00,,
-1.750667e+00,,
-1.775867e+00,,
-1.764400e+00,,
-1.764400e+00,,
-1.768933e+00,,
-1.780400e+00,,
-1.780400e+00,,
-1.794133e+00,,
-1.773600e+00,,
-1.796400e+00,,
-1.796400e+00,,
-1.807867e+00,,
-1.803333e+00,,
-1.821600e+00,,
-1.819333e+00,,
-1.817067e+00,,
-1.810133e+00,,
-1.828400e+00,,
-1.817067e+00,,
-1.835333e+00,,
-1.817067e+00,,
-1.858133e+00,,
-1.835333e+00,,
-1.862800e+00,,
-1.849067e+00,,
-1.862800e+00,,
-1.858133e+00,,
-1.865067e+00,,
-1.853600e+00,,
-1.862800e+00,,
-1.874133e+00,,
-1.887867e+00,,
-1.890267e+00,,
-1.892533e+00,,
-1.890267e+00,,
-1.915333e+00,,
-1.883333e+00,,
-1.910800e+00,,
-1.906267e+00,,
-1.915333e+00,,
-1.913067e+00,,
-1.936000e+00,,
-1.906267e+00,,
-1.942800e+00,,
-1.924533e+00,,
-1.945067e+00,,
-1.942800e+00,,
-1.938267e+00,,
-1.952000e+00,,
-1.933733e+00,,
-1.942800e+00,,
-1.949733e+00,,
-1.963467e+00,,
-1.972533e+00,,
-1.965733e+00,,
-1.995467e+00,,
-1.977067e+00,,
-1.986267e+00,,
-1.977067e+00,,
-1.988533e+00,,
-1.988533e+00,,
-2.009200e+00,,
-1.997733e+00,,
-2.013733e+00,,
-2.016000e+00,,
-2.022933e+00,,
-2.029733e+00,,
-2.029733e+00,,
-2.029733e+00,,
-2.038933e+00,,
-2.018267e+00,,
-2.029733e+00,,
-2.032000e+00,,
-2.057200e+00,,
-2.057200e+00,,
-2.066400e+00,,
-2.057200e+00,,
-2.075467e+00,,
-2.059467e+00,,
-2.075467e+00,,
-2.064000e+00,,
-2.080133e+00,,
-2.080133e+00,,
-2.084667e+00,,
-2.077733e+00,,
-2.102933e+00,,
-2.091467e+00,,
-2.105200e+00,,
-2.102933e+00,,
-2.132667e+00,,
-2.109867e+00,,
-2.128133e+00,,
-2.121200e+00,,
-2.132667e+00,,
-2.123467e+00,,
-2.148667e+00,,
-2.130400e+00,,
-2.150933e+00,,
-2.150933e+00,,
-2.150933e+00,,
-2.153333e+00,,
-2.173867e+00,,
-2.166933e+00,,
-2.166933e+00,,
-2.162400e+00,,
-2.176133e+00,,
-2.178400e+00,,
-2.180667e+00,,
-2.189867e+00,,
-2.201333e+00,,
-2.187600e+00,,
-2.196667e+00,,
-2.196667e+00,,
-2.199067e+00,,
-2.194400e+00,,
-2.228800e+00,,
-2.201333e+00,,
-2.219600e+00,,
-2.219600e+00,,
-2.240133e+00,,
-2.221867e+00,,
-2.235600e+00,,
-2.224133e+00,,
-2.253867e+00,,
-2.251600e+00,,
-2.247067e+00,,
-2.247067e+00,,
-2.269867e+00,,
-2.247067e+00,,
-2.283600e+00,,
-2.267600e+00,,
-2.286000e+00,,
-2.281333e+00,,
-2.292800e+00,,
-2.279067e+00,,
-2.297333e+00,,
-2.290533e+00,,
-2.299733e+00,,
-2.308800e+00,,
-2.322533e+00,,
-2.295067e+00,,
-2.327067e+00,,
-2.315733e+00,,
-2.331733e+00,,
-2.313333e+00,,
-2.331733e+00,,
-2.340800e+00,,
-2.347733e+00,,
-2.336267e+00,,
-2.352267e+00,,
-2.343067e+00,,
-2.372933e+00,,
-2.372933e+00,,
-2.382000e+00,,
-2.354533e+00,,
-2.386533e+00,,
-2.368267e+00,,
-2.391200e+00,,
-2.368267e+00,,
-2.400267e+00,,
-2.377467e+00,,
-2.402667e+00,,
-2.384267e+00,,
-2.418667e+00,,
-2.407200e+00,,
-2.420933e+00,,
-2.414000e+00,,
-2.430000e+00,,
-2.427733e+00,,
-2.436933e+00,,
-2.443733e+00,,
-2.448400e+00,,
-2.427733e+00,,
-2.459733e+00,,
-2.439200e+00,,
-2.459733e+00,,
-2.457467e+00,,
-2.480400e+00,,
-2.446133e+00,,
-2.464400e+00,,
-2.468933e+00,,
-2.482667e+00,,
-2.487200e+00,,
-2.496400e+00,,
-2.471200e+00,,
-2.505600e+00,,
-2.489467e+00,,
-2.512400e+00,,
-2.503200e+00,,
-2.521600e+00,,
-2.523867e+00,,
-2.526133e+00,,
-2.530667e+00,,
-2.528400e+00,,
-2.516933e+00,,
-2.532933e+00,,
-2.535333e+00,,
-2.551333e+00,,
-2.539867e+00,,
-2.542133e+00,,
-2.539867e+00,,
-2.549067e+00,,
-2.530667e+00,,
-2.532933e+00,,
-2.528400e+00,,
-2.530667e+00,,
-2.507867e+00,,
-2.519333e+00,,
-2.507867e+00,,
-2.512400e+00,,
-2.494133e+00,,
-2.510133e+00,,
-2.503200e+00,,
-2.491867e+00,,
-2.464400e+00,,
-2.475867e+00,,
-2.478133e+00,,
-2.487200e+00,,
-2.462133e+00,,
-2.480400e+00,,
-2.446133e+00,,
-2.459733e+00,,
-2.450667e+00,,
-2.450667e+00,,
-2.441467e+00,,
-2.452933e+00,,
-2.432400e+00,,
-2.448400e+00,,
-2.427733e+00,,
-2.430000e+00,,
-2.409467e+00,,
-2.416267e+00,,
-2.416267e+00,,
-2.402667e+00,,
-2.402667e+00,,
-2.409467e+00,,
-2.398000e+00,,
-2.411733e+00,,
-2.393467e+00,,
-2.400267e+00,,
-2.372933e+00,,
-2.386533e+00,,
-2.368267e+00,,
-2.368267e+00,,
-2.361467e+00,,
-2.354533e+00,,
-2.352267e+00,,
-2.350000e+00,,
-2.350000e+00,,
-2.354533e+00,,
-2.327067e+00,,
-2.338533e+00,,
-2.336267e+00,,
-2.334000e+00,,
-2.315733e+00,,
-2.318000e+00,,
-2.313333e+00,,
-2.315733e+00,,
-2.308800e+00,,
-2.313333e+00,,
-2.299733e+00,,
-2.288267e+00,,
-2.288267e+00,,
-2.288267e+00,,
-2.274533e+00,,
-2.295067e+00,,
-2.265333e+00,,
-2.276800e+00,,
-2.279067e+00,,
-2.281333e+00,,
-2.260800e+00,,
-2.251600e+00,,
-2.251600e+00,,
-2.253867e+00,,
-2.242533e+00,,
-2.240133e+00,,
-2.226533e+00,,
-2.240133e+00,,
-2.224133e+00,,
-2.244800e+00,,
-2.233333e+00,,
-2.219600e+00,,
-2.210400e+00,,
-2.210400e+00,,
-2.215067e+00,,
-2.208133e+00,,
-2.210400e+00,,
-2.194400e+00,,
-2.185333e+00,,
-2.199067e+00,,
-2.178400e+00,,
-2.187600e+00,,
-2.178400e+00,,
-2.183067e+00,,
-2.166933e+00,,
-2.183067e+00,,
-2.157867e+00,,
-2.164667e+00,,
-2.157867e+00,,
-2.148667e+00,,
-2.134933e+00,,
-2.153333e+00,,
-2.130400e+00,,
-2.150933e+00,,
-2.105200e+00,,
-2.118933e+00,,
-2.114400e+00,,
-2.128133e+00,,
-2.109867e+00,,
-2.116667e+00,,
-2.107467e+00,,
-2.114400e+00,,
-2.091467e+00,,
-2.096133e+00,,
-2.089200e+00,,
-2.091467e+00,,
-2.080133e+00,,
-2.096133e+00,,
-2.080133e+00,,
-2.075467e+00,,
-2.061733e+00,,
-2.068667e+00,,
-2.043467e+00,,
-2.050267e+00,,
-2.038933e+00,,
-2.048000e+00,,
-2.050267e+00,,
-2.034267e+00,,
-2.029733e+00,,
-2.041200e+00,,
-2.032000e+00,,
-2.034267e+00,,
-2.011467e+00,,
-2.025200e+00,,
-2.000000e+00,,
-2.013733e+00,,
-2.004533e+00,,
-2.000000e+00,,
-1.990800e+00,,
-2.002267e+00,,
-1.988533e+00,,
-1.986267e+00,,
-1.972533e+00,,
-1.981733e+00,,
-1.945067e+00,,
-1.977067e+00,,
-1.954267e+00,,
-1.956533e+00,,
-1.952000e+00,,
-1.952000e+00,,
-1.947333e+00,,
-1.949733e+00,,
-1.931333e+00,,
-1.926800e+00,,
-1.908533e+00,,
-1.926800e+00,,
-1.920000e+00,,
-1.906267e+00,,
-1.908533e+00,,
-1.920000e+00,,
-1.894800e+00,,
-1.906267e+00,,
-1.883333e+00,,
-1.892533e+00,,
-1.890267e+00,,
-1.890267e+00,,
-1.881067e+00,,
-1.881067e+00,,
-1.862800e+00,,
-1.862800e+00,,
-1.871867e+00,,
-1.874133e+00,,
-1.849067e+00,,
-1.842133e+00,,
-1.842133e+00,,
-1.837600e+00,,
-1.828400e+00,,
-1.830667e+00,,
-1.828400e+00,,
-1.826133e+00,,
-1.814667e+00,,
-1.833067e+00,,
-1.784933e+00,,
-1.812400e+00,,
-1.796400e+00,,
-1.812400e+00,,
-1.796400e+00,,
-1.796400e+00,,
-1.778133e+00,,
-1.800933e+00,,
-1.768933e+00,,
-1.780400e+00,,
-1.771200e+00,,
-1.775867e+00,,
-1.759867e+00,,
-1.775867e+00,,
-1.766667e+00,,
-1.759867e+00,,
-1.746133e+00,,
-1.762133e+00,,
-1.739200e+00,,
-1.748400e+00,,
-1.727733e+00,,
-1.739200e+00,,
-1.725467e+00,,
-1.736933e+00,,
-1.714133e+00,,
-1.725467e+00,,
-1.714133e+00,,
-1.716400e+00,,
-1.688933e+00,,
-1.700400e+00,,
-1.691200e+00,,
-1.704933e+00,,
-1.679733e+00,,
-1.693467e+00,,
-1.670667e+00,,
-1.686667e+00,,
-1.661467e+00,,
-1.672933e+00,,
-1.666000e+00,,
-1.670667e+00,,
-1.647733e+00,,
-1.656933e+00,,
-1.647733e+00,,
-1.647733e+00,,
-1.631733e+00,,
-1.647733e+00,,
-1.631733e+00,,
-1.647733e+00,,
-1.611067e+00,,
-1.643200e+00,,
-1.613467e+00,,
-1.629467e+00,,
-1.604267e+00,,
-1.613467e+00,,
-1.597467e+00,,
-1.602000e+00,,
-1.570000e+00,,
-1.599733e+00,,
-1.574533e+00,,
-1.579067e+00,,
-1.574533e+00,,
-1.583733e+00,,
-1.570000e+00,,
-1.583733e+00,,
-1.547067e+00,,
-1.560800e+00,,
-1.551600e+00,,
-1.554000e+00,,
-1.519600e+00,,
-1.540267e+00,,
-1.533333e+00,,
-1.542533e+00,,
-1.519600e+00,,
-1.533333e+00,,
-1.512800e+00,,
-1.519600e+00,,
-1.499067e+00,,
-1.521867e+00,,
-1.517333e+00,,
-1.508133e+00,,
-1.485333e+00,,
-1.494533e+00,,
-1.489867e+00,,
-1.496800e+00,,
-1.467067e+00,,
-1.485333e+00,,
-1.462400e+00,,
-1.464667e+00,,
-1.453333e+00,,
-1.467067e+00,,
-1.446400e+00,,
-1.455600e+00,,
-1.444133e+00,,
-1.451067e+00,,
-1.432667e+00,,
-1.437333e+00,,
-1.425867e+00,,
-1.423600e+00,,
-1.412133e+00,,
-1.418933e+00,,
-1.409867e+00,,
-1.418933e+00,,
-1.398400e+00,,
-1.414400e+00,,
-1.393867e+00,,
-1.398400e+00,,
-1.382400e+00,,
-1.389200e+00,,
-1.370933e+00,,
-1.389200e+00,,
-1.377867e+00,,
-1.384667e+00,,
-1.350400e+00,,
-1.359467e+00,,
-1.354933e+00,,
-1.359467e+00,,
-1.345733e+00,,
-1.366400e+00,,
-1.341200e+00,,
-1.354933e+00,,
-1.332000e+00,,
-1.338933e+00,,
-1.318267e+00,,
-1.325200e+00,,
-1.306933e+00,,
-1.316000e+00,,
-1.297733e+00,,
-1.302267e+00,,
-1.290933e+00,,
-1.316000e+00,,
-1.290933e+00,,
-1.284000e+00,,
-1.293200e+00,,
-1.277200e+00,,
-1.274933e+00,,
-1.277200e+00,,
-1.272533e+00,,
-1.270267e+00,,
-1.270267e+00,,
-1.258800e+00,,
-1.249733e+00,,
-1.268000e+00,,
-1.242800e+00,,
-1.252000e+00,,
-1.224533e+00,,
-1.249733e+00,,
-1.220000e+00,,
-1.245067e+00,,
-1.231467e+00,,
-1.222267e+00,,
-1.224533e+00,,
-1.213067e+00,,
-1.188000e+00,,
-1.220000e+00,,
-1.197067e+00,,
-1.197067e+00,,
-1.192533e+00,,
-1.206267e+00,,
-1.185600e+00,,
-1.199333e+00,,
-1.167333e+00,,
-1.178800e+00,,
-1.155867e+00,,
-1.160533e+00,,
-1.149067e+00,,
-1.144533e+00,,
-1.158267e+00,,
-1.162800e+00,,
-1.126133e+00,,
-1.144533e+00,,
-1.128533e+00,,
-1.153600e+00,,
-1.139867e+00,,
-1.114800e+00,,
-1.117067e+00,,
-1.112400e+00,,
-1.107867e+00,,
-1.121600e+00,,
-1.101067e+00,,
-1.112400e+00,,
-1.101067e+00,,
-1.103333e+00,,
-1.094133e+00,,
-1.087333e+00,,
-1.073600e+00,,
-1.085067e+00,,
-1.073600e+00,,
-1.075867e+00,,
-1.066667e+00,,
-1.078133e+00,,
-1.052933e+00,,
-1.057600e+00,,
-1.043867e+00,,
-1.041600e+00,,
-1.030133e+00,,
-1.030133e+00,,
-1.020933e+00,,
-1.030133e+00,,
-1.025467e+00,,
-1.034667e+00,,
-1.020933e+00,,
-1.011867e+00,,
-9.912000e-01,,
-1.007200e+00,,
-9.866667e-01,,
-9.981334e-01,,
-9.866667e-01,,
-1.000400e+00,,
-9.821333e-01,,
-9.981334e-01,,
-9.592000e-01,,
-9.729334e-01,,
-9.592000e-01,,
-9.660000e-01,,
-9.454667e-01,,
-9.569333e-01,,
-9.386667e-01,,
-9.432000e-01,,
-9.362667e-01,,
-9.454667e-01,,
-9.362667e-01,,
-9.317334e-01,,
-9.202667e-01,,
-9.249333e-01,,
-8.860000e-01,,
-9.157333e-01,,
-9.042667e-01,,
-9.157333e-01,,
-8.882667e-01,,
-9.065334e-01,,
-8.952000e-01,,
-8.928000e-01,,
-8.928000e-01,,
-8.905333e-01,,
-8.790667e-01,,
-8.790667e-01,,
-8.585333e-01,,
-8.677334e-01,,
-8.493333e-01,,
-8.677334e-01,,
-8.448000e-01,,
-8.745334e-01,,
-8.425333e-01,,
-8.677334e-01,,
-8.242667e-01,,
-8.425333e-01,,
-8.357334e-01,,
-8.357334e-01,,
-8.220000e-01,,
-8.196000e-01,,
-8.036000e-01,,
-8.173333e-01,,
-8.105333e-01,,
-8.058667e-01,,
-7.945334e-01,,
-7.968000e-01,,
-7.853333e-01,,
-7.945334e-01,,
-7.670667e-01,,
-7.785333e-01,,
-7.716000e-01,,
-7.785333e-01,,
-7.601333e-01,,
-7.648000e-01,,
-7.670667e-01,,
-7.693334e-01,,
-7.510667e-01,,
-7.601333e-01,,
-7.441334e-01,,
-7.326667e-01,,
-7.396000e-01,,
-7.350667e-01,,
-7.213333e-01,,
-7.144000e-01,,
-7.236000e-01,,
-7.213333e-01,,
-7.006667e-01,,
-7.098667e-01,,
-6.984000e-01,,
-6.984000e-01,,
-6.801333e-01,,
-6.961333e-01,,
-6.686667e-01,,
-6.938667e-01,,
-6.526667e-01,,
-6.824000e-01,,
-6.664000e-01,,
-6.686667e-01,,
-6.549333e-01,,
-6.618667e-01,,
-6.549333e-01,,
-6.458667e-01,,
-6.412000e-01,,
-6.572000e-01,,
-6.274667e-01,,
-6.481333e-01,,
-6.184000e-01,,
-6.389334e-01,,
-6.069334e-01,,
-6.229333e-01,,
-5.954667e-01,,
-6.184000e-01,,
-5.954667e-01,,
-6.046667e-01,,
-5.909333e-01,,
-6.069334e-01,,
-5.932000e-01,,
-5.932000e-01,,
-5.702667e-01,,
-5.840000e-01,,
-5.749334e-01,,
-5.772000e-01,,
-5.520000e-01,,
-5.520000e-01,,
-5.497333e-01,,
-5.634667e-01,,
-5.429333e-01,,
-5.612000e-01,,
-5.382667e-01,,
-5.474667e-01,,
-5.292000e-01,,
-5.429333e-01,,
-5.314667e-01,,
-5.245333e-01,,
-5.177333e-01,,
-5.200000e-01,,
-5.062667e-01,,
-5.200000e-01,,
-5.062667e-01,,
-5.040000e-01,,
-4.857333e-01,,
-4.857333e-01,,
-4.697333e-01,,
-4.994667e-01,,
-4.605334e-01,,
-4.810667e-01,,
-4.673333e-01,,
-4.788000e-01,,
-4.628000e-01,,
-4.560000e-01,,
-4.468000e-01,,
-4.628000e-01,,
-4.468000e-01,,
-4.605334e-01,,
-4.398667e-01,,
-4.330667e-01,,
-4.170667e-01,,
-4.353333e-01,,
-4.056000e-01,,
-4.376000e-01,,
-4.148000e-01,,
-4.170667e-01,,
-4.056000e-01,,
-4.033333e-01,,
-3.896000e-01,,
-4.101333e-01,,
-3.804000e-01,,
-3.988000e-01,,
-3.781333e-01,,
-3.781333e-01,,
-3.713333e-01,,
-3.758667e-01,,
-3.598667e-01,,
-3.690667e-01,,
-3.598667e-01,,
-3.713333e-01,,
-3.369333e-01,,
-3.438667e-01,,
-3.416000e-01,,
-3.324000e-01,,
-3.233333e-01,,
-3.256000e-01,,
-3.141333e-01,,
-3.141333e-01,,
-3.096000e-01,,
-3.141333e-01,,
-3.072000e-01,,
-3.164000e-01,,
-2.981333e-01,,
-3.049333e-01,,
-2.729333e-01,,
-2.981333e-01,,
-2.684000e-01,,
-2.729333e-01,,
-2.684000e-01,,
-2.774667e-01,,
-2.684000e-01,,
-2.729333e-01,,
-2.501333e-01,,
-2.684000e-01,,
-2.569333e-01,,
-2.524000e-01,,
-2.340000e-01,,
-2.501333e-01,,
-2.272000e-01,,
-2.409333e-01,,
-2.157333e-01,,
-2.272000e-01,,
-2.180000e-01,,
-2.249333e-01,,
-2.066667e-01,,
-2.157333e-01,,
-2.089333e-01,,
-1.997333e-01,,
-1.997333e-01,,
-1.952000e-01,,
-1.952000e-01,,
-1.882667e-01,,
-1.792000e-01,,
-1.769333e-01,,
-1.745333e-01,,
-1.654667e-01,,
-1.700000e-01,,
-1.632000e-01,,
-1.632000e-01,,
-1.585333e-01,,
-1.448000e-01,,
-1.470667e-01,,
-1.470667e-01,,
-1.585333e-01,,
-1.220000e-01,,
